Year,Week,Type,Team Name,Home/Away,Points For,Points Against,Win,Loss,Opponent Team Name
2021,1,Regular,Monjizl Wanker Lads,Home,1101,829,1,0,Back to Back Spasms
2021,2,Regular,Monjizl Wanker Lads,Away,947,1585,0,1,Who Invited This Kid?
2021,3,Regular,Monjizl Wanker Lads,Home,1396,1390,1,0,Michigan Wolversemen
2021,4,Regular,Monjizl Wanker Lads,Away,1321,1004,1,0,Team nunu man 
2021,5,Regular,Monjizl Wanker Lads,Away,1241,942,1,0,Fuck Kevin Garnett
2021,6,Regular,Monjizl Wanker Lads,Away,1195,1423,0,1,New Jersey Eren
2021,7,Regular,Monjizl Wanker Lads,Home,1407,1251,1,0,Killian SkyWalker
2021,8,Regular,Monjizl Wanker Lads,Away,1177,1526,0,1,ðŸ§‚ðŸ§‚ðŸ§‚ Ishouldbe9-1
2021,9,Regular,Monjizl Wanker Lads,Home,1173,1193,0,1,Benâ€™s Sons
2021,10,Regular,Monjizl Wanker Lads,Away,1377,1379,0,1,Back to Back Spasms
2021,11,Regular,Monjizl Wanker Lads,Home,1449,2116,0,1,Who Invited This Kid?
2021,12,Regular,Monjizl Wanker Lads,Away,1438,1507,0,1,Michigan Wolversemen
2021,13,Regular,Monjizl Wanker Lads,Home,1171,1556,0,1,Team nunu man 
2021,14,Regular,Monjizl Wanker Lads,Home,1086,1089,0,1,Fuck Kevin Garnett
2021,15,Regular,Monjizl Wanker Lads,Home,1226,1130,1,0,New Jersey Eren
2021,16,Regular,Monjizl Wanker Lads,Away,1391,1004,1,0,Killian SkyWalker
2021,17,Playoffs,Monjizl Wanker Lads,Home,2023,2986,0,1,Michigan Wolversemen
2021,18,Playoffs,Monjizl Wanker Lads,Home,1683,1068,1,0,Fuck Kevin Garnett
2021,1,Regular,New Jersey Eren,Home,993,782,1,0,Benâ€™s Sons
2021,2,Regular,New Jersey Eren,Away,1239,1092,1,0,Back to Back Spasms
2021,3,Regular,New Jersey Eren,Home,1549,1520,1,0,Who Invited This Kid?
2021,4,Regular,New Jersey Eren,Away,1242,1024,1,0,Michigan Wolversemen
2021,5,Regular,New Jersey Eren,Home,1284,1305,0,1,Team nunu man 
2021,6,Regular,New Jersey Eren,Home,1423,1195,1,0,Monjizl Wanker Lads
2021,7,Regular,New Jersey Eren,Away,1611,1065,1,0,Fuck Kevin Garnett
2021,8,Regular,New Jersey Eren,Away,1457,1098,1,0,Killian SkyWalker
2021,9,Regular,New Jersey Eren,Home,865,1591,0,1,ðŸ§‚ðŸ§‚ðŸ§‚ Ishouldbe9-1
2021,10,Regular,New Jersey Eren,Away,1413,995,1,0,Benâ€™s Sons
2021,11,Regular,New Jersey Eren,Home,1607,1389,1,0,Back to Back Spasms
2021,12,Regular,New Jersey Eren,Away,1403,1579,0,1,Who Invited This Kid?
2021,13,Regular,New Jersey Eren,Home,1303,1186,1,0,Michigan Wolversemen
2021,14,Regular,New Jersey Eren,Away,1297,1427,0,1,Team nunu man 
2021,15,Regular,New Jersey Eren,Away,1130,1226,0,1,Monjizl Wanker Lads
2021,16,Regular,New Jersey Eren,Home,1131,960,1,0,Fuck Kevin Garnett
2021,17,Playoffs,New Jersey Eren,Away,2724,3193,0,1,Team nunu man 
2021,18,Playoffs,New Jersey Eren,Away,2452,2477,0,1,Who Invited This Kid?
2021,1,Regular,Back to Back Spasms,Away,829,1101,0,1,Monjizl Wanker Lads
2021,2,Regular,Back to Back Spasms,Home,1092,1239,0,1,New Jersey Eren
2021,3,Regular,Back to Back Spasms,Home,1599,1224,1,0,Killian SkyWalker
2021,4,Regular,Back to Back Spasms,Away,1246,1235,1,0,ðŸ§‚ðŸ§‚ðŸ§‚ Ishouldbe9-1
2021,5,Regular,Back to Back Spasms,Home,1373,1283,1,0,Benâ€™s Sons
2021,6,Regular,Back to Back Spasms,Away,1392,1143,1,0,Fuck Kevin Garnett
2021,7,Regular,Back to Back Spasms,Home,1442,1752,0,1,Who Invited This Kid?
2021,8,Regular,Back to Back Spasms,Away,1314,1126,1,0,Michigan Wolversemen
2021,9,Regular,Back to Back Spasms,Home,1476,1560,0,1,Team nunu man 
2021,10,Regular,Back to Back Spasms,Home,1379,1377,1,0,Monjizl Wanker Lads
2021,11,Regular,Back to Back Spasms,Away,1389,1607,0,1,New Jersey Eren
2021,12,Regular,Back to Back Spasms,Away,1546,1268,1,0,Killian SkyWalker
2021,13,Regular,Back to Back Spasms,Home,1388,1305,1,0,ðŸ§‚ðŸ§‚ðŸ§‚ Ishouldbe9-1
2021,14,Regular,Back to Back Spasms,Away,1221,1434,0,1,Benâ€™s Sons
2021,15,Regular,Back to Back Spasms,Home,1033,1123,0,1,Fuck Kevin Garnett
2021,16,Regular,Back to Back Spasms,Away,494,1789,0,1,Who Invited This Kid?
2021,17,Playoffs,Back to Back Spasms,Home,1359,2759,0,1,Benâ€™s Sons
2021,18,Playoffs,Back to Back Spasms,Home,1236,2157,0,1,Killian SkyWalker
2021,1,Regular,Fuck Kevin Garnett,Home,1069,868,1,0,Michigan Wolversemen
2021,2,Regular,Fuck Kevin Garnett,Home,1280,1171,1,0,ðŸ§‚ðŸ§‚ðŸ§‚ Ishouldbe9-1
2021,3,Regular,Fuck Kevin Garnett,Home,1021,1356,0,1,Team nunu man 
2021,4,Regular,Fuck Kevin Garnett,Home,848,955,0,1,Benâ€™s Sons
2021,5,Regular,Fuck Kevin Garnett,Home,942,1241,0,1,Monjizl Wanker Lads
2021,6,Regular,Fuck Kevin Garnett,Home,1143,1392,0,1,Back to Back Spasms
2021,7,Regular,Fuck Kevin Garnett,Home,1065,1611,0,1,New Jersey Eren
2021,8,Regular,Fuck Kevin Garnett,Home,880,1873,0,1,Who Invited This Kid?
2021,9,Regular,Fuck Kevin Garnett,Home,822,708,1,0,Killian SkyWalker
2021,10,Regular,Fuck Kevin Garnett,Away,848,1485,0,1,Michigan Wolversemen
2021,11,Regular,Fuck Kevin Garnett,Away,1220,1708,0,1,ðŸ§‚ðŸ§‚ðŸ§‚ Ishouldbe9-1
2021,12,Regular,Fuck Kevin Garnett,Away,1165,1695,0,1,Team nunu man 
2021,13,Regular,Fuck Kevin Garnett,Away,888,1253,0,1,Benâ€™s Sons
2021,14,Regular,Fuck Kevin Garnett,Away,1089,1086,1,0,Monjizl Wanker Lads
2021,15,Regular,Fuck Kevin Garnett,Away,1123,1033,1,0,Back to Back Spasms
2021,16,Regular,Fuck Kevin Garnett,Away,960,1131,0,1,New Jersey Eren
2021,17,Playoffs,Fuck Kevin Garnett,Home,1507,3045,0,1,Killian SkyWalker
2021,18,Playoffs,Fuck Kevin Garnett,Away,1068,1683,0,1,Monjizl Wanker Lads
2021,1,Regular,Team nunu man ,Home,980,1048,0,1,Who Invited This Kid?
2021,2,Regular,Team nunu man ,Away,1473,1591,0,1,Michigan Wolversemen
2021,3,Regular,Team nunu man ,Away,1356,1021,1,0,Fuck Kevin Garnett
2021,4,Regular,Team nunu man ,Home,1004,1321,0,1,Monjizl Wanker Lads
2021,5,Regular,Team nunu man ,Away,1305,1284,1,0,New Jersey Eren
2021,6,Regular,Team nunu man ,Away,1569,1132,1,0,Killian SkyWalker
2021,7,Regular,Team nunu man ,Home,1226,1593,0,1,ðŸ§‚ðŸ§‚ðŸ§‚ Ishouldbe9-1
2021,8,Regular,Team nunu man ,Away,1382,1439,0,1,Benâ€™s Sons
2021,9,Regular,Team nunu man ,Away,1560,1476,1,0,Back to Back Spasms
2021,10,Regular,Team nunu man ,Away,1616,1553,1,0,Who Invited This Kid?
2021,11,Regular,Team nunu man ,Home,1738,1722,1,0,Michigan Wolversemen
2021,12,Regular,Team nunu man ,Home,1695,1165,1,0,Fuck Kevin Garnett
2021,13,Regular,Team nunu man ,Away,1556,1171,1,0,Monjizl Wanker Lads
2021,14,Regular,Team nunu man ,Home,1427,1297,1,0,New Jersey Eren
2021,15,Regular,Team nunu man ,Home,1413,1271,1,0,Killian SkyWalker
2021,16,Regular,Team nunu man ,Away,1134,1167,0,1,ðŸ§‚ðŸ§‚ðŸ§‚ Ishouldbe9-1
2021,17,Playoffs,Team nunu man ,Home,3193,2724,1,0,New Jersey Eren
2021,18,Playoffs,Team nunu man ,Home,2921,3235,0,1,ðŸ§‚ðŸ§‚ðŸ§‚ Ishouldbe9-1
2021,1,Regular,Who Invited This Kid?,Away,1048,980,1,0,Team nunu man 
2021,2,Regular,Who Invited This Kid?,Home,1585,947,1,0,Monjizl Wanker Lads
2021,3,Regular,Who Invited This Kid?,Away,1520,1549,0,1,New Jersey Eren
2021,4,Regular,Who Invited This Kid?,Away,1064,835,1,0,Killian SkyWalker
2021,5,Regular,Who Invited This Kid?,Home,1140,1260,0,1,ðŸ§‚ðŸ§‚ðŸ§‚ Ishouldbe9-1
2021,6,Regular,Who Invited This Kid?,Away,1410,1146,1,0,Benâ€™s Sons
2021,7,Regular,Who Invited This Kid?,Away,1752,1442,1,0,Back to Back Spasms
2021,8,Regular,Who Invited This Kid?,Away,1873,880,1,0,Fuck Kevin Garnett
2021,9,Regular,Who Invited This Kid?,Home,1642,1195,1,0,Michigan Wolversemen
2021,10,Regular,Who Invited This Kid?,Home,1553,1616,0,1,Team nunu man 
2021,11,Regular,Who Invited This Kid?,Away,2116,1449,1,0,Monjizl Wanker Lads
2021,12,Regular,Who Invited This Kid?,Home,1579,1403,1,0,New Jersey Eren
2021,13,Regular,Who Invited This Kid?,Home,1587,1332,1,0,Killian SkyWalker
2021,14,Regular,Who Invited This Kid?,Away,1430,1321,1,0,ðŸ§‚ðŸ§‚ðŸ§‚ Ishouldbe9-1
2021,15,Regular,Who Invited This Kid?,Home,1734,1302,1,0,Benâ€™s Sons
2021,16,Regular,Who Invited This Kid?,Home,1789,494,1,0,Back to Back Spasms
2021,17,Playoffs,Who Invited This Kid?,Home,2586,3312,0,1,ðŸ§‚ðŸ§‚ðŸ§‚ Ishouldbe9-1
2021,18,Playoffs,Who Invited This Kid?,Home,2477,2452,1,0,New Jersey Eren
2021,1,Regular,Killian SkyWalker,Home,965,845,1,0,ðŸ§‚ðŸ§‚ðŸ§‚ Ishouldbe9-1
2021,2,Regular,Killian SkyWalker,Away,1282,1333,0,1,Benâ€™s Sons
2021,3,Regular,Killian SkyWalker,Away,1224,1599,0,1,Back to Back Spasms
2021,4,Regular,Killian SkyWalker,Home,835,1064,0,1,Who Invited This Kid?
2021,5,Regular,Killian SkyWalker,Home,1240,1184,1,0,Michigan Wolversemen
2021,6,Regular,Killian SkyWalker,Home,1132,1569,0,1,Team nunu man 
2021,7,Regular,Killian SkyWalker,Away,1251,1407,0,1,Monjizl Wanker Lads
2021,8,Regular,Killian SkyWalker,Home,1098,1457,0,1,New Jersey Eren
2021,9,Regular,Killian SkyWalker,Away,708,822,0,1,Fuck Kevin Garnett
2021,10,Regular,Killian SkyWalker,Away,894,1404,0,1,ðŸ§‚ðŸ§‚ðŸ§‚ Ishouldbe9-1
2021,11,Regular,Killian SkyWalker,Home,1542,1258,1,0,Benâ€™s Sons
2021,12,Regular,Killian SkyWalker,Home,1268,1546,0,1,Back to Back Spasms
2021,13,Regular,Killian SkyWalker,Away,1332,1587,0,1,Who Invited This Kid?
2021,14,Regular,Killian SkyWalker,Away,1291,1381,0,1,Michigan Wolversemen
2021,15,Regular,Killian SkyWalker,Away,1271,1413,0,1,Team nunu man 
2021,16,Regular,Killian SkyWalker,Home,1004,1391,0,1,Monjizl Wanker Lads
2021,17,Playoffs,Killian SkyWalker,Away,3045,1507,1,0,Fuck Kevin Garnett
2021,18,Playoffs,Killian SkyWalker,Away,2157,1236,1,0,Back to Back Spasms
2021,1,Regular,Benâ€™s Sons,Away,782,993,0,1,New Jersey Eren
2021,2,Regular,Benâ€™s Sons,Home,1333,1282,1,0,Killian SkyWalker
2021,3,Regular,Benâ€™s Sons,Home,1150,1527,0,1,ðŸ§‚ðŸ§‚ðŸ§‚ Ishouldbe9-1
2021,4,Regular,Benâ€™s Sons,Away,955,848,1,0,Fuck Kevin Garnett
2021,5,Regular,Benâ€™s Sons,Away,1283,1373,0,1,Back to Back Spasms
2021,6,Regular,Benâ€™s Sons,Home,1146,1410,0,1,Who Invited This Kid?
2021,7,Regular,Benâ€™s Sons,Home,1374,1385,0,1,Michigan Wolversemen
2021,8,Regular,Benâ€™s Sons,Home,1439,1382,1,0,Team nunu man 
2021,9,Regular,Benâ€™s Sons,Away,1193,1173,1,0,Monjizl Wanker Lads
2021,10,Regular,Benâ€™s Sons,Home,995,1413,0,1,New Jersey Eren
2021,11,Regular,Benâ€™s Sons,Away,1258,1542,0,1,Killian SkyWalker
2021,12,Regular,Benâ€™s Sons,Away,1244,1492,0,1,ðŸ§‚ðŸ§‚ðŸ§‚ Ishouldbe9-1
2021,13,Regular,Benâ€™s Sons,Home,1253,888,1,0,Fuck Kevin Garnett
2021,14,Regular,Benâ€™s Sons,Home,1434,1221,1,0,Back to Back Spasms
2021,15,Regular,Benâ€™s Sons,Away,1302,1734,0,1,Who Invited This Kid?
2021,16,Regular,Benâ€™s Sons,Away,1462,1288,1,0,Michigan Wolversemen
2021,17,Playoffs,Benâ€™s Sons,Away,2759,1359,1,0,Back to Back Spasms
2021,18,Playoffs,Benâ€™s Sons,Home,2560,3295,0,1,Michigan Wolversemen
2021,1,Regular,ðŸ§‚ðŸ§‚ðŸ§‚ Ishouldbe9-1,Away,845,965,0,1,Killian SkyWalker
2021,2,Regular,ðŸ§‚ðŸ§‚ðŸ§‚ Ishouldbe9-1,Away,1171,1280,0,1,Fuck Kevin Garnett
2021,3,Regular,ðŸ§‚ðŸ§‚ðŸ§‚ Ishouldbe9-1,Away,1527,1150,1,0,Benâ€™s Sons
2021,4,Regular,ðŸ§‚ðŸ§‚ðŸ§‚ Ishouldbe9-1,Home,1235,1246,0,1,Back to Back Spasms
2021,5,Regular,ðŸ§‚ðŸ§‚ðŸ§‚ Ishouldbe9-1,Away,1260,1140,1,0,Who Invited This Kid?
2021,6,Regular,ðŸ§‚ðŸ§‚ðŸ§‚ Ishouldbe9-1,Away,1283,1314,0,1,Michigan Wolversemen
2021,7,Regular,ðŸ§‚ðŸ§‚ðŸ§‚ Ishouldbe9-1,Away,1593,1226,1,0,Team nunu man 
2021,8,Regular,ðŸ§‚ðŸ§‚ðŸ§‚ Ishouldbe9-1,Home,1526,1177,1,0,Monjizl Wanker Lads
2021,9,Regular,ðŸ§‚ðŸ§‚ðŸ§‚ Ishouldbe9-1,Away,1591,865,1,0,New Jersey Eren
2021,10,Regular,ðŸ§‚ðŸ§‚ðŸ§‚ Ishouldbe9-1,Home,1404,894,1,0,Killian SkyWalker
2021,11,Regular,ðŸ§‚ðŸ§‚ðŸ§‚ Ishouldbe9-1,Home,1708,1220,1,0,Fuck Kevin Garnett
2021,12,Regular,ðŸ§‚ðŸ§‚ðŸ§‚ Ishouldbe9-1,Home,1492,1244,1,0,Benâ€™s Sons
2021,13,Regular,ðŸ§‚ðŸ§‚ðŸ§‚ Ishouldbe9-1,Away,1305,1388,0,1,Back to Back Spasms
2021,14,Regular,ðŸ§‚ðŸ§‚ðŸ§‚ Ishouldbe9-1,Home,1321,1430,0,1,Who Invited This Kid?
2021,15,Regular,ðŸ§‚ðŸ§‚ðŸ§‚ Ishouldbe9-1,Home,1450,1280,1,0,Michigan Wolversemen
2021,16,Regular,ðŸ§‚ðŸ§‚ðŸ§‚ Ishouldbe9-1,Home,1167,1134,1,0,Team nunu man 
2021,17,Playoffs,ðŸ§‚ðŸ§‚ðŸ§‚ Ishouldbe9-1,Away,3312,2586,1,0,Who Invited This Kid?
2021,18,Playoffs,ðŸ§‚ðŸ§‚ðŸ§‚ Ishouldbe9-1,Away,3235,2921,1,0,Team nunu man 
2021,1,Regular,Michigan Wolversemen,Away,868,1069,0,1,Fuck Kevin Garnett
2021,2,Regular,Michigan Wolversemen,Home,1591,1473,1,0,Team nunu man 
2021,3,Regular,Michigan Wolversemen,Away,1390,1396,0,1,Monjizl Wanker Lads
2021,4,Regular,Michigan Wolversemen,Home,1024,1242,0,1,New Jersey Eren
2021,5,Regular,Michigan Wolversemen,Away,1184,1240,0,1,Killian SkyWalker
2021,6,Regular,Michigan Wolversemen,Home,1314,1283,1,0,ðŸ§‚ðŸ§‚ðŸ§‚ Ishouldbe9-1
2021,7,Regular,Michigan Wolversemen,Away,1385,1374,1,0,Benâ€™s Sons
2021,8,Regular,Michigan Wolversemen,Home,1126,1314,0,1,Back to Back Spasms
2021,9,Regular,Michigan Wolversemen,Away,1195,1642,0,1,Who Invited This Kid?
2021,10,Regular,Michigan Wolversemen,Home,1485,848,1,0,Fuck Kevin Garnett
2021,11,Regular,Michigan Wolversemen,Away,1722,1738,0,1,Team nunu man 
2021,12,Regular,Michigan Wolversemen,Home,1507,1438,1,0,Monjizl Wanker Lads
2021,13,Regular,Michigan Wolversemen,Away,1186,1303,0,1,New Jersey Eren
2021,14,Regular,Michigan Wolversemen,Home,1381,1291,1,0,Killian SkyWalker
2021,15,Regular,Michigan Wolversemen,Away,1280,1450,0,1,ðŸ§‚ðŸ§‚ðŸ§‚ Ishouldbe9-1
2021,16,Regular,Michigan Wolversemen,Home,1288,1462,0,1,Benâ€™s Sons
2021,17,Playoffs,Michigan Wolversemen,Away,2986,2023,1,0,Monjizl Wanker Lads
2021,18,Playoffs,Michigan Wolversemen,Away,3295,2560,1,0,Benâ€™s Sons
2022,1,Regular,Monjizl Wanker Lads,Home,1025,839,1,0,New Jersey Eren
2022,2,Regular,Monjizl Wanker Lads,Away,1457,1369,1,0,L-Eat Gang
2022,3,Regular,Monjizl Wanker Lads,Home,1319,1375,0,1,Fuck Kevin Garnett
2022,4,Regular,Monjizl Wanker Lads,Home,1114,1648,0,1,The Bronx Gangbangers
2022,5,Regular,Monjizl Wanker Lads,Away,1286,1237,1,0,Who Invited This Kid?
2022,6,Regular,Monjizl Wanker Lads,Home,896,1288,0,1,Michigan Wolversemen
2022,7,Regular,Monjizl Wanker Lads,Away,1009,1354,0,1,Benâ€™s Sons
2022,8,Regular,Monjizl Wanker Lads,Home,1048,731,1,0,NYC Chopp Cheese
2022,9,Regular,Monjizl Wanker Lads,Away,1001,1051,0,1,Team nunu man 
2022,10,Regular,Monjizl Wanker Lads,Home,625,759,0,1,My Entire Team  Suggs
2022,11,Regular,Monjizl Wanker Lads,Away,567,1090,0,1,The Taste of Lavar's Balls
2022,12,Regular,Monjizl Wanker Lads,Away,769,1461,0,1,New Jersey Eren
2022,13,Regular,Monjizl Wanker Lads,Home,1130,814,1,0,L-Eat Gang
2022,14,Regular,Monjizl Wanker Lads,Away,1607,1080,1,0,Fuck Kevin Garnett
2022,15,Regular,Monjizl Wanker Lads,Away,1269,1147,1,0,The Bronx Gangbangers
2022,16,Regular,Monjizl Wanker Lads,Home,1437,1446,0,1,Who Invited This Kid?
2022,17,Regular,Monjizl Wanker Lads,Home,1186,1173,1,0,Michigan Wolversemen
2022,18,Regular,Monjizl Wanker Lads,Away,1803,1387,1,0,Benâ€™s Sons
2022,19,Regular,Monjizl Wanker Lads,Home,1207,1143,1,0,NYC Chopp Cheese
2022,20,Regular,Monjizl Wanker Lads,Away,1388,762,1,0,Team nunu man 
2022,21,Regular,Monjizl Wanker Lads,Home,989,920,1,0,NYC Chopp Cheese
2022,22,Playoffs,Monjizl Wanker Lads,Home,1170,1216,0,1,L-Eat Gang
2022,23,Playoffs,Monjizl Wanker Lads,Home,1103,1195,0,1,My Entire Team  Suggs
2022,24,Playoffs,Monjizl Wanker Lads,Home,674,1087,0,1,The Taste of Lavar's Balls
2022,1,Regular,New Jersey Eren,Away,839,1025,0,1,Monjizl Wanker Lads
2022,2,Regular,New Jersey Eren,Home,1190,1267,0,1,The Bronx Gangbangers
2022,3,Regular,New Jersey Eren,Away,1257,1273,0,1,L-Eat Gang
2022,4,Regular,New Jersey Eren,Home,1271,1020,1,0,Who Invited This Kid?
2022,5,Regular,New Jersey Eren,Away,1201,924,1,0,Fuck Kevin Garnett
2022,6,Regular,New Jersey Eren,Home,763,1243,0,1,Benâ€™s Sons
2022,7,Regular,New Jersey Eren,Away,1049,617,1,0,NYC Chopp Cheese
2022,8,Regular,New Jersey Eren,Home,1307,715,1,0,Team nunu man 
2022,9,Regular,New Jersey Eren,Away,1319,897,1,0,My Entire Team  Suggs
2022,10,Regular,New Jersey Eren,Home,828,929,0,1,The Taste of Lavar's Balls
2022,11,Regular,New Jersey Eren,Away,1081,1120,0,1,Michigan Wolversemen
2022,12,Regular,New Jersey Eren,Home,1461,769,1,0,Monjizl Wanker Lads
2022,13,Regular,New Jersey Eren,Away,1397,871,1,0,The Bronx Gangbangers
2022,14,Regular,New Jersey Eren,Home,1599,1096,1,0,L-Eat Gang
2022,15,Regular,New Jersey Eren,Away,1385,1256,1,0,Who Invited This Kid?
2022,16,Regular,New Jersey Eren,Home,1510,981,1,0,Fuck Kevin Garnett
2022,17,Regular,New Jersey Eren,Home,1195,1195,0,1,Benâ€™s Sons
2022,18,Regular,New Jersey Eren,Away,1294,1212,1,0,NYC Chopp Cheese
2022,19,Regular,New Jersey Eren,Home,963,800,1,0,Team nunu man 
2022,20,Regular,New Jersey Eren,Away,1261,1045,1,0,My Entire Team  Suggs
2022,21,Regular,New Jersey Eren,Home,1239,1152,1,0,Benâ€™s Sons
2022,22,Playoffs,New Jersey Eren,Home,1634,1433,1,0,My Entire Team  Suggs
2022,23,Playoffs,New Jersey Eren,Away,2004,1382,1,0,Who Invited This Kid?
2022,24,Playoffs,New Jersey Eren,Away,1467,1207,1,0,Michigan Wolversemen
2022,1,Regular,My Entire Team  Suggs,Away,1034,1020,1,0,Team nunu man 
2022,2,Regular,My Entire Team  Suggs,Home,1039,1100,0,1,Michigan Wolversemen
2022,3,Regular,My Entire Team  Suggs,Home,1206,1540,0,1,Benâ€™s Sons
2022,4,Regular,My Entire Team  Suggs,Away,1229,1056,1,0,NYC Chopp Cheese
2022,5,Regular,My Entire Team  Suggs,Home,1250,1246,1,0,The Taste of Lavar's Balls
2022,6,Regular,My Entire Team  Suggs,Away,1322,1324,0,1,L-Eat Gang
2022,7,Regular,My Entire Team  Suggs,Home,999,1254,0,1,Who Invited This Kid?
2022,8,Regular,My Entire Team  Suggs,Away,1181,1055,1,0,Fuck Kevin Garnett
2022,9,Regular,My Entire Team  Suggs,Home,897,1319,0,1,New Jersey Eren
2022,10,Regular,My Entire Team  Suggs,Away,759,625,1,0,Monjizl Wanker Lads
2022,11,Regular,My Entire Team  Suggs,Home,1081,930,1,0,The Bronx Gangbangers
2022,12,Regular,My Entire Team  Suggs,Home,1116,913,1,0,Team nunu man 
2022,13,Regular,My Entire Team  Suggs,Away,1115,1204,0,1,Michigan Wolversemen
2022,14,Regular,My Entire Team  Suggs,Away,1243,1185,1,0,Benâ€™s Sons
2022,15,Regular,My Entire Team  Suggs,Home,1099,1003,1,0,NYC Chopp Cheese
2022,16,Regular,My Entire Team  Suggs,Away,1289,931,1,0,The Taste of Lavar's Balls
2022,17,Regular,My Entire Team  Suggs,Away,1000,1143,0,1,L-Eat Gang
2022,18,Regular,My Entire Team  Suggs,Home,1283,1865,0,1,Who Invited This Kid?
2022,19,Regular,My Entire Team  Suggs,Away,1738,944,1,0,Fuck Kevin Garnett
2022,20,Regular,My Entire Team  Suggs,Home,1045,1261,0,1,New Jersey Eren
2022,21,Regular,My Entire Team  Suggs,Away,971,1272,0,1,Who Invited This Kid?
2022,22,Playoffs,My Entire Team  Suggs,Away,1433,1634,0,1,New Jersey Eren
2022,23,Playoffs,My Entire Team  Suggs,Away,1195,1103,1,0,Monjizl Wanker Lads
2022,24,Playoffs,My Entire Team  Suggs,Home,1073,415,1,0,Benâ€™s Sons
2022,1,Regular,Fuck Kevin Garnett,Home,899,835,1,0,The Bronx Gangbangers
2022,2,Regular,Fuck Kevin Garnett,Away,989,1342,0,1,Who Invited This Kid?
2022,3,Regular,Fuck Kevin Garnett,Away,1375,1319,1,0,Monjizl Wanker Lads
2022,4,Regular,Fuck Kevin Garnett,Home,1238,1477,0,1,L-Eat Gang
2022,5,Regular,Fuck Kevin Garnett,Home,924,1201,0,1,New Jersey Eren
2022,6,Regular,Fuck Kevin Garnett,Home,972,892,1,0,NYC Chopp Cheese
2022,7,Regular,Fuck Kevin Garnett,Away,871,991,0,1,Team nunu man 
2022,8,Regular,Fuck Kevin Garnett,Home,1055,1181,0,1,My Entire Team  Suggs
2022,9,Regular,Fuck Kevin Garnett,Away,809,1280,0,1,The Taste of Lavar's Balls
2022,10,Regular,Fuck Kevin Garnett,Home,620,949,0,1,Michigan Wolversemen
2022,11,Regular,Fuck Kevin Garnett,Away,971,923,1,0,Benâ€™s Sons
2022,12,Regular,Fuck Kevin Garnett,Away,1106,1166,0,1,The Bronx Gangbangers
2022,13,Regular,Fuck Kevin Garnett,Home,846,1292,0,1,Who Invited This Kid?
2022,14,Regular,Fuck Kevin Garnett,Home,1080,1607,0,1,Monjizl Wanker Lads
2022,15,Regular,Fuck Kevin Garnett,Away,1180,968,1,0,L-Eat Gang
2022,16,Regular,Fuck Kevin Garnett,Away,981,1510,0,1,New Jersey Eren
2022,17,Regular,Fuck Kevin Garnett,Home,1005,1060,0,1,NYC Chopp Cheese
2022,18,Regular,Fuck Kevin Garnett,Away,1268,1062,1,0,Team nunu man 
2022,19,Regular,Fuck Kevin Garnett,Home,944,1738,0,1,My Entire Team  Suggs
2022,20,Regular,Fuck Kevin Garnett,Away,742,1088,0,1,The Taste of Lavar's Balls
2022,21,Regular,Fuck Kevin Garnett,Home,908,1453,0,1,Michigan Wolversemen
2022,22,Playoffs,Fuck Kevin Garnett,Away,798,76,1,0,The Bronx Gangbangers
2022,23,Playoffs,Fuck Kevin Garnett,Home,858,751,1,0,Team nunu man 
2022,24,Playoffs,Fuck Kevin Garnett,Home,763,903,0,1,NYC Chopp Cheese
2022,1,Regular,Team nunu man ,Home,1020,1034,0,1,My Entire Team  Suggs
2022,2,Regular,Team nunu man ,Home,1421,876,1,0,NYC Chopp Cheese
2022,3,Regular,Team nunu man ,Away,985,1444,0,1,The Taste of Lavar's Balls
2022,4,Regular,Team nunu man ,Away,1147,1141,1,0,Benâ€™s Sons
2022,5,Regular,Team nunu man ,Home,1094,1097,0,1,Michigan Wolversemen
2022,6,Regular,Team nunu man ,Away,1192,1247,0,1,Who Invited This Kid?
2022,7,Regular,Team nunu man ,Home,991,871,1,0,Fuck Kevin Garnett
2022,8,Regular,Team nunu man ,Away,715,1307,0,1,New Jersey Eren
2022,9,Regular,Team nunu man ,Home,1051,1001,1,0,Monjizl Wanker Lads
2022,10,Regular,Team nunu man ,Away,765,586,1,0,The Bronx Gangbangers
2022,11,Regular,Team nunu man ,Home,610,896,0,1,L-Eat Gang
2022,12,Regular,Team nunu man ,Away,913,1116,0,1,My Entire Team  Suggs
2022,13,Regular,Team nunu man ,Away,988,1106,0,1,NYC Chopp Cheese
2022,14,Regular,Team nunu man ,Home,1233,890,1,0,The Taste of Lavar's Balls
2022,15,Regular,Team nunu man ,Home,710,1249,0,1,Benâ€™s Sons
2022,16,Regular,Team nunu man ,Away,880,1161,0,1,Michigan Wolversemen
2022,17,Regular,Team nunu man ,Away,916,1330,0,1,Who Invited This Kid?
2022,18,Regular,Team nunu man ,Home,1062,1268,0,1,Fuck Kevin Garnett
2022,19,Regular,Team nunu man ,Away,800,963,0,1,New Jersey Eren
2022,20,Regular,Team nunu man ,Home,762,1388,0,1,Monjizl Wanker Lads
2022,21,Regular,Team nunu man ,Away,877,1016,0,1,L-Eat Gang
2022,22,Playoffs,Team nunu man ,Home,902,620,1,0,NYC Chopp Cheese
2022,23,Playoffs,Team nunu man ,Away,751,858,0,1,Fuck Kevin Garnett
2022,24,Playoffs,Team nunu man ,Away,745,0,1,0,The Bronx Gangbangers
2022,1,Regular,Who Invited This Kid?,Home,1069,1083,0,1,L-Eat Gang
2022,2,Regular,Who Invited This Kid?,Home,1342,989,1,0,Fuck Kevin Garnett
2022,3,Regular,Who Invited This Kid?,Away,1451,1334,1,0,The Bronx Gangbangers
2022,4,Regular,Who Invited This Kid?,Away,1020,1271,0,1,New Jersey Eren
2022,5,Regular,Who Invited This Kid?,Home,1237,1286,0,1,Monjizl Wanker Lads
2022,6,Regular,Who Invited This Kid?,Home,1247,1192,1,0,Team nunu man 
2022,7,Regular,Who Invited This Kid?,Away,1254,999,1,0,My Entire Team  Suggs
2022,8,Regular,Who Invited This Kid?,Home,1286,1077,1,0,The Taste of Lavar's Balls
2022,9,Regular,Who Invited This Kid?,Away,902,1113,0,1,Michigan Wolversemen
2022,10,Regular,Who Invited This Kid?,Home,674,737,0,1,Benâ€™s Sons
2022,11,Regular,Who Invited This Kid?,Away,1170,885,1,0,NYC Chopp Cheese
2022,12,Regular,Who Invited This Kid?,Away,1304,875,1,0,L-Eat Gang
2022,13,Regular,Who Invited This Kid?,Away,1292,846,1,0,Fuck Kevin Garnett
2022,14,Regular,Who Invited This Kid?,Home,1285,1059,1,0,The Bronx Gangbangers
2022,15,Regular,Who Invited This Kid?,Home,1256,1385,0,1,New Jersey Eren
2022,16,Regular,Who Invited This Kid?,Away,1446,1437,1,0,Monjizl Wanker Lads
2022,17,Regular,Who Invited This Kid?,Home,1330,916,1,0,Team nunu man 
2022,18,Regular,Who Invited This Kid?,Away,1865,1283,1,0,My Entire Team  Suggs
2022,19,Regular,Who Invited This Kid?,Home,1321,769,1,0,The Taste of Lavar's Balls
2022,20,Regular,Who Invited This Kid?,Away,1292,1262,1,0,Michigan Wolversemen
2022,21,Regular,Who Invited This Kid?,Home,1272,971,1,0,My Entire Team  Suggs
2022,22,Playoffs,Who Invited This Kid?,Home,1440,1134,1,0,Benâ€™s Sons
2022,23,Playoffs,Who Invited This Kid?,Home,1382,2004,0,1,New Jersey Eren
2022,24,Playoffs,Who Invited This Kid?,Home,976,604,1,0,L-Eat Gang
2022,1,Regular,The Taste of Lavar's Balls,Away,1034,676,1,0,NYC Chopp Cheese
2022,2,Regular,The Taste of Lavar's Balls,Away,1306,1408,0,1,Benâ€™s Sons
2022,3,Regular,The Taste of Lavar's Balls,Home,1444,985,1,0,Team nunu man 
2022,4,Regular,The Taste of Lavar's Balls,Away,1138,1212,0,1,Michigan Wolversemen
2022,5,Regular,The Taste of Lavar's Balls,Away,1246,1250,0,1,My Entire Team  Suggs
2022,6,Regular,The Taste of Lavar's Balls,Away,1218,1140,1,0,The Bronx Gangbangers
2022,7,Regular,The Taste of Lavar's Balls,Home,1050,1261,0,1,L-Eat Gang
2022,8,Regular,The Taste of Lavar's Balls,Away,1077,1286,0,1,Who Invited This Kid?
2022,9,Regular,The Taste of Lavar's Balls,Home,1280,809,1,0,Fuck Kevin Garnett
2022,10,Regular,The Taste of Lavar's Balls,Away,929,828,1,0,New Jersey Eren
2022,11,Regular,The Taste of Lavar's Balls,Home,1090,567,1,0,Monjizl Wanker Lads
2022,12,Regular,The Taste of Lavar's Balls,Home,1236,1101,1,0,NYC Chopp Cheese
2022,13,Regular,The Taste of Lavar's Balls,Home,935,1290,0,1,Benâ€™s Sons
2022,14,Regular,The Taste of Lavar's Balls,Away,890,1233,0,1,Team nunu man 
2022,15,Regular,The Taste of Lavar's Balls,Home,545,1416,0,1,Michigan Wolversemen
2022,16,Regular,The Taste of Lavar's Balls,Home,931,1289,0,1,My Entire Team  Suggs
2022,17,Regular,The Taste of Lavar's Balls,Away,1108,1256,0,1,The Bronx Gangbangers
2022,18,Regular,The Taste of Lavar's Balls,Home,1280,1663,0,1,L-Eat Gang
2022,19,Regular,The Taste of Lavar's Balls,Away,769,1321,0,1,Who Invited This Kid?
2022,20,Regular,The Taste of Lavar's Balls,Home,1088,742,1,0,Fuck Kevin Garnett
2022,21,Regular,The Taste of Lavar's Balls,Away,1154,1048,1,0,The Bronx Gangbangers
2022,22,Playoffs,The Taste of Lavar's Balls,Away,1229,1234,0,1,Michigan Wolversemen
2022,23,Playoffs,The Taste of Lavar's Balls,Away,610,920,0,1,Benâ€™s Sons
2022,24,Playoffs,The Taste of Lavar's Balls,Away,1087,674,1,0,Monjizl Wanker Lads
2022,1,Regular,Benâ€™s Sons,Away,987,1029,0,1,Michigan Wolversemen
2022,2,Regular,Benâ€™s Sons,Home,1408,1306,1,0,The Taste of Lavar's Balls
2022,3,Regular,Benâ€™s Sons,Away,1540,1206,1,0,My Entire Team  Suggs
2022,4,Regular,Benâ€™s Sons,Home,1141,1147,0,1,Team nunu man 
2022,5,Regular,Benâ€™s Sons,Away,1163,807,1,0,NYC Chopp Cheese
2022,6,Regular,Benâ€™s Sons,Away,1243,763,1,0,New Jersey Eren
2022,7,Regular,Benâ€™s Sons,Home,1354,1009,1,0,Monjizl Wanker Lads
2022,8,Regular,Benâ€™s Sons,Away,1252,1092,1,0,The Bronx Gangbangers
2022,9,Regular,Benâ€™s Sons,Home,717,1048,0,1,L-Eat Gang
2022,10,Regular,Benâ€™s Sons,Away,737,674,1,0,Who Invited This Kid?
2022,11,Regular,Benâ€™s Sons,Home,923,971,0,1,Fuck Kevin Garnett
2022,12,Regular,Benâ€™s Sons,Home,1210,1450,0,1,Michigan Wolversemen
2022,13,Regular,Benâ€™s Sons,Away,1290,935,1,0,The Taste of Lavar's Balls
2022,14,Regular,Benâ€™s Sons,Home,1185,1243,0,1,My Entire Team  Suggs
2022,15,Regular,Benâ€™s Sons,Away,1249,710,1,0,Team nunu man 
2022,16,Regular,Benâ€™s Sons,Home,1135,1190,0,1,NYC Chopp Cheese
2022,17,Regular,Benâ€™s Sons,Away,1195,1195,0,1,New Jersey Eren
2022,18,Regular,Benâ€™s Sons,Home,1387,1803,0,1,Monjizl Wanker Lads
2022,19,Regular,Benâ€™s Sons,Away,1227,1397,0,1,The Bronx Gangbangers
2022,20,Regular,Benâ€™s Sons,Home,1270,1085,1,0,L-Eat Gang
2022,21,Regular,Benâ€™s Sons,Away,1152,1239,0,1,New Jersey Eren
2022,22,Playoffs,Benâ€™s Sons,Away,1134,1440,0,1,Who Invited This Kid?
2022,23,Playoffs,Benâ€™s Sons,Home,920,610,1,0,The Taste of Lavar's Balls
2022,24,Playoffs,Benâ€™s Sons,Away,415,1073,0,1,My Entire Team  Suggs
2022,1,Regular,L-Eat Gang,Away,1083,1069,1,0,Who Invited This Kid?
2022,2,Regular,L-Eat Gang,Home,1369,1457,0,1,Monjizl Wanker Lads
2022,3,Regular,L-Eat Gang,Home,1273,1257,1,0,New Jersey Eren
2022,4,Regular,L-Eat Gang,Away,1477,1238,1,0,Fuck Kevin Garnett
2022,5,Regular,L-Eat Gang,Home,1268,1425,0,1,The Bronx Gangbangers
2022,6,Regular,L-Eat Gang,Home,1324,1322,1,0,My Entire Team  Suggs
2022,7,Regular,L-Eat Gang,Away,1261,1050,1,0,The Taste of Lavar's Balls
2022,8,Regular,L-Eat Gang,Home,1083,1459,0,1,Michigan Wolversemen
2022,9,Regular,L-Eat Gang,Away,1048,717,1,0,Benâ€™s Sons
2022,10,Regular,L-Eat Gang,Home,1069,1019,1,0,NYC Chopp Cheese
2022,11,Regular,L-Eat Gang,Away,896,610,1,0,Team nunu man 
2022,12,Regular,L-Eat Gang,Home,875,1304,0,1,Who Invited This Kid?
2022,13,Regular,L-Eat Gang,Away,814,1130,0,1,Monjizl Wanker Lads
2022,14,Regular,L-Eat Gang,Away,1096,1599,0,1,New Jersey Eren
2022,15,Regular,L-Eat Gang,Home,968,1180,0,1,Fuck Kevin Garnett
2022,16,Regular,L-Eat Gang,Away,916,1459,0,1,The Bronx Gangbangers
2022,17,Regular,L-Eat Gang,Home,1143,1000,1,0,My Entire Team  Suggs
2022,18,Regular,L-Eat Gang,Away,1663,1280,1,0,The Taste of Lavar's Balls
2022,19,Regular,L-Eat Gang,Home,984,1285,0,1,Michigan Wolversemen
2022,20,Regular,L-Eat Gang,Away,1085,1270,0,1,Benâ€™s Sons
2022,21,Regular,L-Eat Gang,Home,1016,877,1,0,Team nunu man 
2022,22,Playoffs,L-Eat Gang,Away,1216,1170,1,0,Monjizl Wanker Lads
2022,23,Playoffs,L-Eat Gang,Away,1191,1430,0,1,Michigan Wolversemen
2022,24,Playoffs,L-Eat Gang,Away,604,976,0,1,Who Invited This Kid?
2022,1,Regular,Michigan Wolversemen,Home,1029,987,1,0,Benâ€™s Sons
2022,2,Regular,Michigan Wolversemen,Away,1100,1039,1,0,My Entire Team  Suggs
2022,3,Regular,Michigan Wolversemen,Home,1142,782,1,0,NYC Chopp Cheese
2022,4,Regular,Michigan Wolversemen,Home,1212,1138,1,0,The Taste of Lavar's Balls
2022,5,Regular,Michigan Wolversemen,Away,1097,1094,1,0,Team nunu man 
2022,6,Regular,Michigan Wolversemen,Away,1288,896,1,0,Monjizl Wanker Lads
2022,7,Regular,Michigan Wolversemen,Home,1035,1200,0,1,The Bronx Gangbangers
2022,8,Regular,Michigan Wolversemen,Away,1459,1083,1,0,L-Eat Gang
2022,9,Regular,Michigan Wolversemen,Home,1113,902,1,0,Who Invited This Kid?
2022,10,Regular,Michigan Wolversemen,Away,949,620,1,0,Fuck Kevin Garnett
2022,11,Regular,Michigan Wolversemen,Home,1120,1081,1,0,New Jersey Eren
2022,12,Regular,Michigan Wolversemen,Away,1450,1210,1,0,Benâ€™s Sons
2022,13,Regular,Michigan Wolversemen,Home,1204,1115,1,0,My Entire Team  Suggs
2022,14,Regular,Michigan Wolversemen,Away,1311,1172,1,0,NYC Chopp Cheese
2022,15,Regular,Michigan Wolversemen,Away,1416,545,1,0,The Taste of Lavar's Balls
2022,16,Regular,Michigan Wolversemen,Home,1161,880,1,0,Team nunu man 
2022,17,Regular,Michigan Wolversemen,Away,1173,1186,0,1,Monjizl Wanker Lads
2022,18,Regular,Michigan Wolversemen,Home,1548,1458,1,0,The Bronx Gangbangers
2022,19,Regular,Michigan Wolversemen,Away,1285,984,1,0,L-Eat Gang
2022,20,Regular,Michigan Wolversemen,Home,1262,1292,0,1,Who Invited This Kid?
2022,21,Regular,Michigan Wolversemen,Away,1453,908,1,0,Fuck Kevin Garnett
2022,22,Playoffs,Michigan Wolversemen,Home,1234,1229,1,0,The Taste of Lavar's Balls
2022,23,Playoffs,Michigan Wolversemen,Home,1430,1191,1,0,L-Eat Gang
2022,24,Playoffs,Michigan Wolversemen,Home,1207,1467,0,1,New Jersey Eren
2022,1,Regular,The Bronx Gangbangers,Away,835,899,0,1,Fuck Kevin Garnett
2022,2,Regular,The Bronx Gangbangers,Away,1267,1190,1,0,New Jersey Eren
2022,3,Regular,The Bronx Gangbangers,Home,1334,1451,0,1,Who Invited This Kid?
2022,4,Regular,The Bronx Gangbangers,Away,1648,1114,1,0,Monjizl Wanker Lads
2022,5,Regular,The Bronx Gangbangers,Away,1425,1268,1,0,L-Eat Gang
2022,6,Regular,The Bronx Gangbangers,Home,1140,1218,0,1,The Taste of Lavar's Balls
2022,7,Regular,The Bronx Gangbangers,Away,1200,1035,1,0,Michigan Wolversemen
2022,8,Regular,The Bronx Gangbangers,Home,1092,1252,0,1,Benâ€™s Sons
2022,9,Regular,The Bronx Gangbangers,Away,757,783,0,1,NYC Chopp Cheese
2022,10,Regular,The Bronx Gangbangers,Home,586,765,0,1,Team nunu man 
2022,11,Regular,The Bronx Gangbangers,Away,930,1081,0,1,My Entire Team  Suggs
2022,12,Regular,The Bronx Gangbangers,Home,1166,1106,1,0,Fuck Kevin Garnett
2022,13,Regular,The Bronx Gangbangers,Home,871,1397,0,1,New Jersey Eren
2022,14,Regular,The Bronx Gangbangers,Away,1059,1285,0,1,Who Invited This Kid?
2022,15,Regular,The Bronx Gangbangers,Home,1147,1269,0,1,Monjizl Wanker Lads
2022,16,Regular,The Bronx Gangbangers,Home,1459,916,1,0,L-Eat Gang
2022,17,Regular,The Bronx Gangbangers,Home,1256,1108,1,0,The Taste of Lavar's Balls
2022,18,Regular,The Bronx Gangbangers,Away,1458,1548,0,1,Michigan Wolversemen
2022,19,Regular,The Bronx Gangbangers,Home,1397,1227,1,0,Benâ€™s Sons
2022,20,Regular,The Bronx Gangbangers,Away,1455,1314,1,0,NYC Chopp Cheese
2022,21,Regular,The Bronx Gangbangers,Home,1048,1154,0,1,The Taste of Lavar's Balls
2022,22,Playoffs,The Bronx Gangbangers,Home,76,798,0,1,Fuck Kevin Garnett
2022,23,Playoffs,The Bronx Gangbangers,Home,0,976,0,1,NYC Chopp Cheese
2022,24,Playoffs,The Bronx Gangbangers,Home,0,745,0,1,Team nunu man 
2022,1,Regular,NYC Chopp Cheese,Home,676,1034,0,1,The Taste of Lavar's Balls
2022,2,Regular,NYC Chopp Cheese,Away,876,1421,0,1,Team nunu man 
2022,3,Regular,NYC Chopp Cheese,Away,782,1142,0,1,Michigan Wolversemen
2022,4,Regular,NYC Chopp Cheese,Home,1056,1229,0,1,My Entire Team  Suggs
2022,5,Regular,NYC Chopp Cheese,Home,807,1163,0,1,Benâ€™s Sons
2022,6,Regular,NYC Chopp Cheese,Away,892,972,0,1,Fuck Kevin Garnett
2022,7,Regular,NYC Chopp Cheese,Home,617,1049,0,1,New Jersey Eren
2022,8,Regular,NYC Chopp Cheese,Away,731,1048,0,1,Monjizl Wanker Lads
2022,9,Regular,NYC Chopp Cheese,Home,783,757,1,0,The Bronx Gangbangers
2022,10,Regular,NYC Chopp Cheese,Away,1019,1069,0,1,L-Eat Gang
2022,11,Regular,NYC Chopp Cheese,Home,885,1170,0,1,Who Invited This Kid?
2022,12,Regular,NYC Chopp Cheese,Away,1101,1236,0,1,The Taste of Lavar's Balls
2022,13,Regular,NYC Chopp Cheese,Home,1106,988,1,0,Team nunu man 
2022,14,Regular,NYC Chopp Cheese,Home,1172,1311,0,1,Michigan Wolversemen
2022,15,Regular,NYC Chopp Cheese,Away,1003,1099,0,1,My Entire Team  Suggs
2022,16,Regular,NYC Chopp Cheese,Away,1190,1135,1,0,Benâ€™s Sons
2022,17,Regular,NYC Chopp Cheese,Away,1060,1005,1,0,Fuck Kevin Garnett
2022,18,Regular,NYC Chopp Cheese,Home,1212,1294,0,1,New Jersey Eren
2022,19,Regular,NYC Chopp Cheese,Away,1143,1207,0,1,Monjizl Wanker Lads
2022,20,Regular,NYC Chopp Cheese,Home,1314,1455,0,1,The Bronx Gangbangers
2022,21,Regular,NYC Chopp Cheese,Away,920,989,0,1,Monjizl Wanker Lads
2022,22,Playoffs,NYC Chopp Cheese,Away,620,902,0,1,Team nunu man 
2022,23,Playoffs,NYC Chopp Cheese,Away,976,0,1,0,The Bronx Gangbangers
2022,24,Playoffs,NYC Chopp Cheese,Away,903,763,1,0,Fuck Kevin Garnett
2023,1,Regular,Keegan It Real,Home,1118,1242,0,1,Team Chigga
2023,2,Regular,Keegan It Real,Home,1315,1456,0,1,New Jersey Eren
2023,3,Regular,Keegan It Real,Away,1150,1164,0,1,Who Invited This Kid?
2023,4,Regular,Keegan It Real,Home,1475,1287,1,0,NY L-Eat Gang
2023,5,Regular,Keegan It Real,Home,1243,1225,1,0,The Bronx Orthodox Church
2023,6,Regular,Keegan It Real,Away,1269,1557,0,1,Fordham Rams
2023,7,Regular,Keegan It Real,Home,1424,1612,0,1,Paulie Gee's
2023,8,Regular,Keegan It Real,Away,942,1390,0,1,I Watch Basketbal
2023,9,Regular,Keegan It Real,Away,1107,1481,0,1,The Bronx Orthodox Church
2023,10,Regular,Keegan It Real,Away,940,1195,0,1,Team Chigga
2023,11,Regular,Keegan It Real,Away,1159,1396,0,1,New Jersey Eren
2023,12,Regular,Keegan It Real,Home,1127,1722,0,1,Who Invited This Kid?
2023,13,Regular,Keegan It Real,Home,1484,1117,1,0,Pooh Shaisty
2023,14,Regular,Keegan It Real,Away,0,1134,0,1,NY L-Eat Gang
2023,15,Regular,Keegan It Real,Home,1219,1598,0,1,Fordham Rams
2023,16,Regular,Keegan It Real,Away,1450,712,1,0,Paulie Gee's
2023,17,Regular,Keegan It Real,Home,1348,1127,1,0,I Watch Basketbal
2023,18,Regular,Keegan It Real,Away,1371,1940,0,1,Pooh Shaisty
2023,19,Regular,Keegan It Real,Home,998,1301,0,1,NY L-Eat Gang
2023,20,Regular,Keegan It Real,Away,917,1492,0,1,Fordham Rams
2023,21,Regular,Keegan It Real,Home,856,1131,0,1,Paulie Gee's
2023,22,Playoffs,Keegan It Real,Away,1173,477,1,0,NY L-Eat Gang
2023,23,Playoffs,Keegan It Real,Away,1314,1259,1,0,Who Invited This Kid?
2023,24,Playoffs,Keegan It Real,Away,795,1000,0,1,I Watch Basketbal
2023,1,Regular,New Jersey Eren,Home,1409,986,1,0,Who Invited This Kid?
2023,2,Regular,New Jersey Eren,Away,1456,1315,1,0,Keegan It Real
2023,3,Regular,New Jersey Eren,Away,1334,1218,1,0,The Bronx Orthodox Church
2023,4,Regular,New Jersey Eren,Home,1405,1468,0,1,Team Chigga
2023,5,Regular,New Jersey Eren,Home,1143,1276,0,1,Pooh Shaisty
2023,6,Regular,New Jersey Eren,Away,1355,1041,1,0,NY L-Eat Gang
2023,7,Regular,New Jersey Eren,Home,1424,1492,0,1,Fordham Rams
2023,8,Regular,New Jersey Eren,Away,1185,1210,0,1,Paulie Gee's
2023,9,Regular,New Jersey Eren,Home,1350,1179,1,0,I Watch Basketbal
2023,10,Regular,New Jersey Eren,Away,1505,1430,1,0,Who Invited This Kid?
2023,11,Regular,New Jersey Eren,Home,1396,1159,1,0,Keegan It Real
2023,12,Regular,New Jersey Eren,Home,1458,1349,1,0,The Bronx Orthodox Church
2023,13,Regular,New Jersey Eren,Away,1201,1557,0,1,Team Chigga
2023,14,Regular,New Jersey Eren,Away,1656,1444,1,0,Pooh Shaisty
2023,15,Regular,New Jersey Eren,Home,1627,1108,1,0,NY L-Eat Gang
2023,16,Regular,New Jersey Eren,Away,1640,1531,1,0,Fordham Rams
2023,17,Regular,New Jersey Eren,Home,1530,1419,1,0,Paulie Gee's
2023,18,Regular,New Jersey Eren,Away,1606,1408,1,0,I Watch Basketbal
2023,19,Regular,New Jersey Eren,Home,1838,1365,1,0,Pooh Shaisty
2023,20,Regular,New Jersey Eren,Away,1508,868,1,0,NY L-Eat Gang
2023,21,Regular,New Jersey Eren,Home,1802,1674,1,0,Fordham Rams
2023,22,Playoffs,New Jersey Eren,Home,1560,1276,1,0,Pooh Shaisty
2023,23,Playoffs,New Jersey Eren,Home,1244,1241,1,0,Fordham Rams
2023,1,Regular,Team Chigga,Away,1242,1118,1,0,Keegan It Real
2023,2,Regular,Team Chigga,Home,1497,1624,0,1,The Bronx Orthodox Church
2023,3,Regular,Team Chigga,Home,1599,1416,1,0,Fordham Rams
2023,4,Regular,Team Chigga,Away,1468,1405,1,0,New Jersey Eren
2023,5,Regular,Team Chigga,Home,1312,810,1,0,Who Invited This Kid?
2023,6,Regular,Team Chigga,Away,1239,1333,0,1,Paulie Gee's
2023,7,Regular,Team Chigga,Home,1430,1345,1,0,I Watch Basketbal
2023,8,Regular,Team Chigga,Away,1538,1430,1,0,Pooh Shaisty
2023,9,Regular,Team Chigga,Away,1283,1394,0,1,Who Invited This Kid?
2023,10,Regular,Team Chigga,Home,1195,940,1,0,Keegan It Real
2023,11,Regular,Team Chigga,Away,1766,1591,1,0,The Bronx Orthodox Church
2023,12,Regular,Team Chigga,Home,1511,1170,1,0,NY L-Eat Gang
2023,13,Regular,Team Chigga,Home,1557,1201,1,0,New Jersey Eren
2023,14,Regular,Team Chigga,Away,1300,1430,0,1,Fordham Rams
2023,15,Regular,Team Chigga,Home,1441,1436,1,0,Paulie Gee's
2023,16,Regular,Team Chigga,Away,1278,1486,0,1,I Watch Basketbal
2023,17,Regular,Team Chigga,Home,1598,1451,1,0,Pooh Shaisty
2023,18,Regular,Team Chigga,Away,1901,1280,1,0,NY L-Eat Gang
2023,19,Regular,Team Chigga,Home,1408,1824,0,1,Fordham Rams
2023,20,Regular,Team Chigga,Away,1307,1209,1,0,Paulie Gee's
2023,21,Regular,Team Chigga,Home,1418,1349,1,0,I Watch Basketbal
2023,22,Playoffs,Team Chigga,Home,1413,1569,0,1,Fordham Rams
2023,23,Playoffs,Team Chigga,Home,1184,1364,0,1,The Bronx Orthodox Church
2023,24,Playoffs,Team Chigga,Home,1033,814,1,0,The Bronx Orthodox Church
2023,1,Regular,Who Invited This Kid?,Away,986,1409,0,1,New Jersey Eren
2023,2,Regular,Who Invited This Kid?,Home,1321,1492,0,1,Paulie Gee's
2023,3,Regular,Who Invited This Kid?,Home,1164,1150,1,0,Keegan It Real
2023,4,Regular,Who Invited This Kid?,Away,1055,1604,0,1,The Bronx Orthodox Church
2023,5,Regular,Who Invited This Kid?,Away,810,1312,0,1,Team Chigga
2023,6,Regular,Who Invited This Kid?,Away,1017,1139,0,1,I Watch Basketbal
2023,7,Regular,Who Invited This Kid?,Home,1464,1324,1,0,Pooh Shaisty
2023,8,Regular,Who Invited This Kid?,Away,1322,1434,0,1,NY L-Eat Gang
2023,9,Regular,Who Invited This Kid?,Home,1394,1283,1,0,Team Chigga
2023,10,Regular,Who Invited This Kid?,Home,1430,1505,0,1,New Jersey Eren
2023,11,Regular,Who Invited This Kid?,Home,1492,1594,0,1,Fordham Rams
2023,12,Regular,Who Invited This Kid?,Away,1722,1127,1,0,Keegan It Real
2023,13,Regular,Who Invited This Kid?,Home,1894,1563,1,0,The Bronx Orthodox Church
2023,14,Regular,Who Invited This Kid?,Away,1300,1587,0,1,Paulie Gee's
2023,15,Regular,Who Invited This Kid?,Home,1151,1532,0,1,I Watch Basketbal
2023,16,Regular,Who Invited This Kid?,Away,1419,1401,1,0,Pooh Shaisty
2023,17,Regular,Who Invited This Kid?,Home,1346,1337,1,0,NY L-Eat Gang
2023,18,Regular,Who Invited This Kid?,Away,1948,1442,1,0,Fordham Rams
2023,19,Regular,Who Invited This Kid?,Home,1256,1445,0,1,Paulie Gee's
2023,20,Regular,Who Invited This Kid?,Away,1337,648,1,0,I Watch Basketbal
2023,21,Regular,Who Invited This Kid?,Home,1457,1568,0,1,Pooh Shaisty
2023,22,Playoffs,Who Invited This Kid?,Home,1119,1013,1,0,I Watch Basketbal
2023,23,Playoffs,Who Invited This Kid?,Home,1259,1314,0,1,Keegan It Real
2023,24,Playoffs,Who Invited This Kid?,Home,1048,236,1,0,NY L-Eat Gang
2023,1,Regular,Paulie Gee's,Away,1226,1098,1,0,Pooh Shaisty
2023,2,Regular,Paulie Gee's,Away,1492,1321,1,0,Who Invited This Kid?
2023,3,Regular,Paulie Gee's,Home,1386,1089,1,0,NY L-Eat Gang
2023,4,Regular,Paulie Gee's,Away,1596,1265,1,0,I Watch Basketbal
2023,5,Regular,Paulie Gee's,Away,1305,1257,1,0,Fordham Rams
2023,6,Regular,Paulie Gee's,Home,1333,1239,1,0,Team Chigga
2023,7,Regular,Paulie Gee's,Away,1612,1424,1,0,Keegan It Real
2023,8,Regular,Paulie Gee's,Home,1210,1185,1,0,New Jersey Eren
2023,9,Regular,Paulie Gee's,Home,1202,1233,0,1,Pooh Shaisty
2023,10,Regular,Paulie Gee's,Away,1116,1248,0,1,The Bronx Orthodox Church
2023,11,Regular,Paulie Gee's,Away,1612,1422,1,0,NY L-Eat Gang
2023,12,Regular,Paulie Gee's,Home,1492,1305,1,0,I Watch Basketbal
2023,13,Regular,Paulie Gee's,Home,707,1405,0,1,Fordham Rams
2023,14,Regular,Paulie Gee's,Home,1587,1300,1,0,Who Invited This Kid?
2023,15,Regular,Paulie Gee's,Away,1436,1441,0,1,Team Chigga
2023,16,Regular,Paulie Gee's,Home,712,1450,0,1,Keegan It Real
2023,17,Regular,Paulie Gee's,Away,1419,1530,0,1,New Jersey Eren
2023,18,Regular,Paulie Gee's,Home,1265,1916,0,1,The Bronx Orthodox Church
2023,19,Regular,Paulie Gee's,Away,1445,1256,1,0,Who Invited This Kid?
2023,20,Regular,Paulie Gee's,Home,1209,1307,0,1,Team Chigga
2023,21,Regular,Paulie Gee's,Away,1131,856,1,0,Keegan It Real
2023,22,Playoffs,Paulie Gee's,Home,1448,1760,0,1,Fordham Rams
2023,23,Playoffs,Paulie Gee's,Home,752,1125,0,1,Pooh Shaisty
2023,1,Regular,NY L-Eat Gang,Home,1288,1216,1,0,Fordham Rams
2023,2,Regular,NY L-Eat Gang,Home,1502,1653,0,1,Pooh Shaisty
2023,3,Regular,NY L-Eat Gang,Away,1089,1386,0,1,Paulie Gee's
2023,4,Regular,NY L-Eat Gang,Away,1287,1475,0,1,Keegan It Real
2023,5,Regular,NY L-Eat Gang,Home,1377,1422,0,1,I Watch Basketbal
2023,6,Regular,NY L-Eat Gang,Home,1041,1355,0,1,New Jersey Eren
2023,7,Regular,NY L-Eat Gang,Away,978,1743,0,1,The Bronx Orthodox Church
2023,8,Regular,NY L-Eat Gang,Home,1434,1322,1,0,Who Invited This Kid?
2023,9,Regular,NY L-Eat Gang,Away,1513,1424,1,0,Fordham Rams
2023,10,Regular,NY L-Eat Gang,Away,1211,1380,0,1,Pooh Shaisty
2023,11,Regular,NY L-Eat Gang,Home,1422,1612,0,1,Paulie Gee's
2023,12,Regular,NY L-Eat Gang,Away,1170,1511,0,1,Team Chigga
2023,13,Regular,NY L-Eat Gang,Away,1052,1277,0,1,I Watch Basketbal
2023,14,Regular,NY L-Eat Gang,Home,1134,0,1,0,Keegan It Real
2023,15,Regular,NY L-Eat Gang,Away,1108,1627,0,1,New Jersey Eren
2023,16,Regular,NY L-Eat Gang,Home,1681,1530,1,0,The Bronx Orthodox Church
2023,17,Regular,NY L-Eat Gang,Away,1337,1346,0,1,Who Invited This Kid?
2023,18,Regular,NY L-Eat Gang,Home,1280,1901,0,1,Team Chigga
2023,19,Regular,NY L-Eat Gang,Away,1301,998,1,0,Keegan It Real
2023,20,Regular,NY L-Eat Gang,Home,868,1508,0,1,New Jersey Eren
2023,21,Regular,NY L-Eat Gang,Away,688,1227,0,1,The Bronx Orthodox Church
2023,22,Playoffs,NY L-Eat Gang,Home,477,1173,0,1,Keegan It Real
2023,23,Playoffs,NY L-Eat Gang,Away,340,1286,0,1,I Watch Basketbal
2023,24,Playoffs,NY L-Eat Gang,Away,236,1048,0,1,Who Invited This Kid?
2023,1,Regular,Pooh Shaisty,Home,1098,1226,0,1,Paulie Gee's
2023,2,Regular,Pooh Shaisty,Away,1653,1502,1,0,NY L-Eat Gang
2023,3,Regular,Pooh Shaisty,Away,1476,1253,1,0,I Watch Basketbal
2023,4,Regular,Pooh Shaisty,Home,1528,1320,1,0,Fordham Rams
2023,5,Regular,Pooh Shaisty,Away,1276,1143,1,0,New Jersey Eren
2023,6,Regular,Pooh Shaisty,Home,1802,1440,1,0,The Bronx Orthodox Church
2023,7,Regular,Pooh Shaisty,Away,1324,1464,0,1,Who Invited This Kid?
2023,8,Regular,Pooh Shaisty,Home,1430,1538,0,1,Team Chigga
2023,9,Regular,Pooh Shaisty,Away,1233,1202,1,0,Paulie Gee's
2023,10,Regular,Pooh Shaisty,Home,1380,1211,1,0,NY L-Eat Gang
2023,11,Regular,Pooh Shaisty,Home,1500,1264,1,0,I Watch Basketbal
2023,12,Regular,Pooh Shaisty,Away,1755,1750,1,0,Fordham Rams
2023,13,Regular,Pooh Shaisty,Away,1117,1484,0,1,Keegan It Real
2023,14,Regular,Pooh Shaisty,Home,1444,1656,0,1,New Jersey Eren
2023,15,Regular,Pooh Shaisty,Away,1458,1197,1,0,The Bronx Orthodox Church
2023,16,Regular,Pooh Shaisty,Home,1401,1419,0,1,Who Invited This Kid?
2023,17,Regular,Pooh Shaisty,Away,1451,1598,0,1,Team Chigga
2023,18,Regular,Pooh Shaisty,Home,1940,1371,1,0,Keegan It Real
2023,19,Regular,Pooh Shaisty,Away,1365,1838,0,1,New Jersey Eren
2023,20,Regular,Pooh Shaisty,Home,1341,1503,0,1,The Bronx Orthodox Church
2023,21,Regular,Pooh Shaisty,Away,1568,1457,1,0,Who Invited This Kid?
2023,22,Playoffs,Pooh Shaisty,Home,1459,1354,1,0,The Bronx Orthodox Church
2023,23,Playoffs,Pooh Shaisty,Away,1276,1560,0,1,New Jersey Eren
2023,24,Playoffs,Pooh Shaisty,Away,1125,752,1,0,Paulie Gee's
2023,1,Regular,The Bronx Orthodox Church,Home,1261,1121,1,0,I Watch Basketbal
2023,2,Regular,The Bronx Orthodox Church,Away,1624,1497,1,0,Team Chigga
2023,3,Regular,The Bronx Orthodox Church,Home,1218,1334,0,1,New Jersey Eren
2023,4,Regular,The Bronx Orthodox Church,Home,1604,1055,1,0,Who Invited This Kid?
2023,5,Regular,The Bronx Orthodox Church,Away,1225,1243,0,1,Keegan It Real
2023,6,Regular,The Bronx Orthodox Church,Away,1440,1802,0,1,Pooh Shaisty
2023,7,Regular,The Bronx Orthodox Church,Home,1743,978,1,0,NY L-Eat Gang
2023,8,Regular,The Bronx Orthodox Church,Away,1403,1485,0,1,Fordham Rams
2023,9,Regular,The Bronx Orthodox Church,Home,1481,1107,1,0,Keegan It Real
2023,10,Regular,The Bronx Orthodox Church,Home,1248,1116,1,0,Paulie Gee's
2023,11,Regular,The Bronx Orthodox Church,Home,1591,1766,0,1,Team Chigga
2023,12,Regular,The Bronx Orthodox Church,Away,1349,1458,0,1,New Jersey Eren
2023,13,Regular,The Bronx Orthodox Church,Away,1563,1894,0,1,Who Invited This Kid?
2023,14,Regular,The Bronx Orthodox Church,Away,1423,1425,0,1,I Watch Basketbal
2023,15,Regular,The Bronx Orthodox Church,Home,1197,1458,0,1,Pooh Shaisty
2023,16,Regular,The Bronx Orthodox Church,Away,1530,1681,0,1,NY L-Eat Gang
2023,17,Regular,The Bronx Orthodox Church,Home,1268,1232,1,0,Fordham Rams
2023,18,Regular,The Bronx Orthodox Church,Away,1916,1265,1,0,Paulie Gee's
2023,19,Regular,The Bronx Orthodox Church,Home,1411,709,1,0,I Watch Basketbal
2023,20,Regular,The Bronx Orthodox Church,Away,1503,1341,1,0,Pooh Shaisty
2023,21,Regular,The Bronx Orthodox Church,Home,1227,688,1,0,NY L-Eat Gang
2023,22,Playoffs,The Bronx Orthodox Church,Away,1354,1459,0,1,Pooh Shaisty
2023,23,Playoffs,The Bronx Orthodox Church,Away,1364,1184,1,0,Team Chigga
2023,24,Playoffs,The Bronx Orthodox Church,Away,814,1033,0,1,Team Chigga
2023,1,Regular,Fordham Rams,Away,1216,1288,0,1,NY L-Eat Gang
2023,2,Regular,Fordham Rams,Home,1411,1411,0,1,I Watch Basketbal
2023,3,Regular,Fordham Rams,Away,1416,1599,0,1,Team Chigga
2023,4,Regular,Fordham Rams,Away,1320,1528,0,1,Pooh Shaisty
2023,5,Regular,Fordham Rams,Home,1257,1305,0,1,Paulie Gee's
2023,6,Regular,Fordham Rams,Home,1557,1269,1,0,Keegan It Real
2023,7,Regular,Fordham Rams,Away,1492,1424,1,0,New Jersey Eren
2023,8,Regular,Fordham Rams,Home,1485,1403,1,0,The Bronx Orthodox Church
2023,9,Regular,Fordham Rams,Home,1424,1513,0,1,NY L-Eat Gang
2023,10,Regular,Fordham Rams,Away,1156,1066,1,0,I Watch Basketbal
2023,11,Regular,Fordham Rams,Away,1594,1492,1,0,Who Invited This Kid?
2023,12,Regular,Fordham Rams,Home,1750,1755,0,1,Pooh Shaisty
2023,13,Regular,Fordham Rams,Away,1405,707,1,0,Paulie Gee's
2023,14,Regular,Fordham Rams,Home,1430,1300,1,0,Team Chigga
2023,15,Regular,Fordham Rams,Away,1598,1219,1,0,Keegan It Real
2023,16,Regular,Fordham Rams,Home,1531,1640,0,1,New Jersey Eren
2023,17,Regular,Fordham Rams,Away,1232,1268,0,1,The Bronx Orthodox Church
2023,18,Regular,Fordham Rams,Home,1442,1948,0,1,Who Invited This Kid?
2023,19,Regular,Fordham Rams,Away,1824,1408,1,0,Team Chigga
2023,20,Regular,Fordham Rams,Home,1492,917,1,0,Keegan It Real
2023,21,Regular,Fordham Rams,Away,1674,1802,0,1,New Jersey Eren
2023,22,Playoffs,Fordham Rams,Away,1569,1413,1,0,Team Chigga
2023,23,Playoffs,Fordham Rams,Away,1760,1448,1,0,Paulie Gee's
2023,24,Playoffs,Fordham Rams,Away,1241,1244,0,1,New Jersey Eren
2023,1,Regular,I Watch Basketbal,Away,1121,1261,0,1,The Bronx Orthodox Church
2023,2,Regular,I Watch Basketbal,Away,1411,1411,0,1,Fordham Rams
2023,3,Regular,I Watch Basketbal,Home,1253,1476,0,1,Pooh Shaisty
2023,4,Regular,I Watch Basketbal,Home,1265,1596,0,1,Paulie Gee's
2023,5,Regular,I Watch Basketbal,Away,1422,1377,1,0,NY L-Eat Gang
2023,6,Regular,I Watch Basketbal,Home,1139,1017,1,0,Who Invited This Kid?
2023,7,Regular,I Watch Basketbal,Away,1345,1430,0,1,Team Chigga
2023,8,Regular,I Watch Basketbal,Home,1390,942,1,0,Keegan It Real
2023,9,Regular,I Watch Basketbal,Away,1179,1350,0,1,New Jersey Eren
2023,10,Regular,I Watch Basketbal,Home,1066,1156,0,1,Fordham Rams
2023,11,Regular,I Watch Basketbal,Away,1264,1500,0,1,Pooh Shaisty
2023,12,Regular,I Watch Basketbal,Away,1305,1492,0,1,Paulie Gee's
2023,13,Regular,I Watch Basketbal,Home,1277,1052,1,0,NY L-Eat Gang
2023,14,Regular,I Watch Basketbal,Home,1425,1423,1,0,The Bronx Orthodox Church
2023,15,Regular,I Watch Basketbal,Away,1532,1151,1,0,Who Invited This Kid?
2023,16,Regular,I Watch Basketbal,Home,1486,1278,1,0,Team Chigga
2023,17,Regular,I Watch Basketbal,Away,1127,1348,0,1,Keegan It Real
2023,18,Regular,I Watch Basketbal,Home,1408,1606,0,1,New Jersey Eren
2023,19,Regular,I Watch Basketbal,Away,709,1411,0,1,The Bronx Orthodox Church
2023,20,Regular,I Watch Basketbal,Home,648,1337,0,1,Who Invited This Kid?
2023,21,Regular,I Watch Basketbal,Away,1349,1418,0,1,Team Chigga
2023,22,Playoffs,I Watch Basketbal,Away,1013,1119,0,1,Who Invited This Kid?
2023,23,Playoffs,I Watch Basketbal,Home,1286,340,1,0,NY L-Eat Gang
2023,24,Playoffs,I Watch Basketbal,Home,1000,795,1,0,Keegan It Real
2024,1,Regular,Keegan It Real,Home,1276,1227,1,0,Team Chigga
2024,2,Regular,Keegan It Real,Home,1805,1600,1,0,New Jersey Eren
2024,3,Regular,Keegan It Real,Away,1517,1232,1,0,Who Invited This Kid?
2024,4,Regular,Keegan It Real,Home,1867,1462,1,0,For All the bullDawgs
2024,5,Regular,Keegan It Real,Home,1637,1434,1,0,The Bronx Orthodox Church
2024,6,Regular,Keegan It Real,Away,1664,1420,1,0,NYC Chopp Cheese
2024,7,Regular,Keegan It Real,Home,736,825,0,1,Paulie Gee's
2024,8,Regular,Keegan It Real,Away,1811,1787,1,0,I Watch Basketbal
2024,9,Regular,Keegan It Real,Away,1719,1342,1,0,The Bronx Orthodox Church
2024,10,Regular,Keegan It Real,Away,1725,1384,1,0,Team Chigga
2024,11,Regular,Keegan It Real,Away,1720,1796,0,1,New Jersey Eren
2024,12,Regular,Keegan It Real,Home,1619,1354,1,0,Who Invited This Kid?
2024,13,Regular,Keegan It Real,Home,1751,896,1,0,Pooh Shaisty
2024,14,Regular,Keegan It Real,Away,1830,869,1,0,For All the bullDawgs
2024,15,Regular,Keegan It Real,Home,1890,1881,1,0,NYC Chopp Cheese
2024,16,Regular,Keegan It Real,Away,1453,1049,1,0,Paulie Gee's
2024,17,Regular,Keegan It Real,Home,2499,2124,1,0,I Watch Basketbal
2024,18,Regular,Keegan It Real,Away,1738,1213,1,0,Pooh Shaisty
2024,19,Regular,Keegan It Real,Home,1528,1553,0,1,For All the bullDawgs
2024,20,Regular,Keegan It Real,Away,1619,1272,1,0,NYC Chopp Cheese
2024,21,Playoffs,Keegan It Real,Home,1821,1839,0,1,Team Chigga
2024,22,Playoffs,Keegan It Real,Home,1567,1276,1,0,I Watch Basketbal
2024,1,Regular,New Jersey Eren,Home,1333,888,1,0,Who Invited This Kid?
2024,2,Regular,New Jersey Eren,Away,1600,1805,0,1,Keegan It Real
2024,3,Regular,New Jersey Eren,Away,1530,1402,1,0,The Bronx Orthodox Church
2024,4,Regular,New Jersey Eren,Home,1604,1230,1,0,Team Chigga
2024,5,Regular,New Jersey Eren,Home,1699,1484,1,0,Pooh Shaisty
2024,6,Regular,New Jersey Eren,Away,1489,819,1,0,For All the bullDawgs
2024,7,Regular,New Jersey Eren,Home,971,901,1,0,NYC Chopp Cheese
2024,8,Regular,New Jersey Eren,Away,1950,1418,1,0,Paulie Gee's
2024,9,Regular,New Jersey Eren,Home,1713,1508,1,0,I Watch Basketbal
2024,10,Regular,New Jersey Eren,Away,1518,1402,1,0,Who Invited This Kid?
2024,11,Regular,New Jersey Eren,Home,1796,1720,1,0,Keegan It Real
2024,12,Regular,New Jersey Eren,Home,1467,1511,0,1,The Bronx Orthodox Church
2024,13,Regular,New Jersey Eren,Away,1546,1441,1,0,Team Chigga
2024,14,Regular,New Jersey Eren,Away,1670,1435,1,0,Pooh Shaisty
2024,15,Regular,New Jersey Eren,Home,1670,970,1,0,For All the bullDawgs
2024,16,Regular,New Jersey Eren,Away,922,1636,0,1,NYC Chopp Cheese
2024,17,Regular,New Jersey Eren,Home,1371,1543,0,1,Paulie Gee's
2024,18,Regular,New Jersey Eren,Away,1466,1550,0,1,I Watch Basketbal
2024,19,Regular,New Jersey Eren,Home,1542,1665,0,1,Pooh Shaisty
2024,20,Regular,New Jersey Eren,Away,964,1199,0,1,For All the bullDawgs
2024,21,Playoffs,New Jersey Eren,Home,790,1641,0,1,NYC Chopp Cheese
2024,22,Playoffs,New Jersey Eren,Home,1110,918,1,0,Pooh Shaisty
2024,23,Playoffs,New Jersey Eren,Home,1019,1138,0,1,Pooh Shaisty
2024,1,Regular,Team Chigga,Away,1227,1276,0,1,Keegan It Real
2024,2,Regular,Team Chigga,Home,1454,1411,1,0,The Bronx Orthodox Church
2024,3,Regular,Team Chigga,Home,1386,1336,1,0,NYC Chopp Cheese
2024,4,Regular,Team Chigga,Away,1230,1604,0,1,New Jersey Eren
2024,5,Regular,Team Chigga,Home,1623,1389,1,0,Who Invited This Kid?
2024,6,Regular,Team Chigga,Away,1293,1068,1,0,Paulie Gee's
2024,7,Regular,Team Chigga,Home,925,1015,0,1,I Watch Basketbal
2024,8,Regular,Team Chigga,Away,1826,2011,0,1,Pooh Shaisty
2024,9,Regular,Team Chigga,Away,1482,1198,1,0,Who Invited This Kid?
2024,10,Regular,Team Chigga,Home,1384,1725,0,1,Keegan It Real
2024,11,Regular,Team Chigga,Away,1573,1305,1,0,The Bronx Orthodox Church
2024,12,Regular,Team Chigga,Home,1428,767,1,0,For All the bullDawgs
2024,13,Regular,Team Chigga,Home,1441,1546,0,1,New Jersey Eren
2024,14,Regular,Team Chigga,Away,1243,1456,0,1,NYC Chopp Cheese
2024,15,Regular,Team Chigga,Home,1741,858,1,0,Paulie Gee's
2024,16,Regular,Team Chigga,Away,1508,1824,0,1,I Watch Basketbal
2024,17,Regular,Team Chigga,Home,1841,1756,1,0,Pooh Shaisty
2024,18,Regular,Team Chigga,Away,1468,1108,1,0,For All the bullDawgs
2024,19,Regular,Team Chigga,Home,1678,1211,1,0,NYC Chopp Cheese
2024,20,Regular,Team Chigga,Away,1748,1452,1,0,Paulie Gee's
2024,21,Playoffs,Team Chigga,Away,1609,1105,1,0,Pooh Shaisty
2024,22,Playoffs,Team Chigga,Away,1839,1821,1,0,Keegan It Real
2024,23,Playoffs,Team Chigga,Home,1701,1491,1,0,NYC Chopp Cheese
2024,1,Regular,Who Invited This Kid?,Away,888,1333,0,1,New Jersey Eren
2024,2,Regular,Who Invited This Kid?,Home,984,1070,0,1,Paulie Gee's
2024,3,Regular,Who Invited This Kid?,Home,1232,1517,0,1,Keegan It Real
2024,4,Regular,Who Invited This Kid?,Away,1271,1420,0,1,The Bronx Orthodox Church
2024,5,Regular,Who Invited This Kid?,Away,1389,1623,0,1,Team Chigga
2024,6,Regular,Who Invited This Kid?,Away,968,1510,0,1,I Watch Basketbal
2024,7,Regular,Who Invited This Kid?,Home,752,758,0,1,Pooh Shaisty
2024,8,Regular,Who Invited This Kid?,Away,1010,938,1,0,For All the bullDawgs
2024,9,Regular,Who Invited This Kid?,Home,1198,1482,0,1,Team Chigga
2024,10,Regular,Who Invited This Kid?,Home,1402,1518,0,1,New Jersey Eren
2024,11,Regular,Who Invited This Kid?,Home,1453,1411,1,0,NYC Chopp Cheese
2024,12,Regular,Who Invited This Kid?,Away,1354,1619,0,1,Keegan It Real
2024,13,Regular,Who Invited This Kid?,Home,1388,1657,0,1,The Bronx Orthodox Church
2024,14,Regular,Who Invited This Kid?,Away,1386,1172,1,0,Paulie Gee's
2024,15,Regular,Who Invited This Kid?,Home,1424,1626,0,1,I Watch Basketbal
2024,16,Regular,Who Invited This Kid?,Away,1491,1532,0,1,Pooh Shaisty
2024,17,Regular,Who Invited This Kid?,Home,2011,1226,1,0,For All the bullDawgs
2024,18,Regular,Who Invited This Kid?,Away,1053,1276,0,1,NYC Chopp Cheese
2024,19,Regular,Who Invited This Kid?,Home,1209,690,1,0,Paulie Gee's
2024,20,Regular,Who Invited This Kid?,Away,1266,1519,0,1,I Watch Basketbal
2024,21,Playoffs,Who Invited This Kid?,Away,997,610,1,0,The Bronx Orthodox Church
2024,22,Playoffs,Who Invited This Kid?,Home,911,1257,0,1,Paulie Gee's
2024,23,Playoffs,Who Invited This Kid?,Away,1357,843,1,0,The Bronx Orthodox Church
2024,1,Regular,Paulie Gee's,Away,1090,1276,0,1,Pooh Shaisty
2024,2,Regular,Paulie Gee's,Away,1070,984,1,0,Who Invited This Kid?
2024,3,Regular,Paulie Gee's,Home,1180,1190,0,1,For All the bullDawgs
2024,4,Regular,Paulie Gee's,Away,1128,1174,0,1,I Watch Basketbal
2024,5,Regular,Paulie Gee's,Away,1202,1257,0,1,NYC Chopp Cheese
2024,6,Regular,Paulie Gee's,Home,1068,1293,0,1,Team Chigga
2024,7,Regular,Paulie Gee's,Away,825,736,1,0,Keegan It Real
2024,8,Regular,Paulie Gee's,Home,1418,1950,0,1,New Jersey Eren
2024,9,Regular,Paulie Gee's,Home,916,1652,0,1,Pooh Shaisty
2024,10,Regular,Paulie Gee's,Away,1046,1531,0,1,The Bronx Orthodox Church
2024,11,Regular,Paulie Gee's,Away,872,1087,0,1,For All the bullDawgs
2024,12,Regular,Paulie Gee's,Home,1139,1197,0,1,I Watch Basketbal
2024,13,Regular,Paulie Gee's,Home,1030,1492,0,1,NYC Chopp Cheese
2024,14,Regular,Paulie Gee's,Home,1172,1386,0,1,Who Invited This Kid?
2024,15,Regular,Paulie Gee's,Away,858,1741,0,1,Team Chigga
2024,16,Regular,Paulie Gee's,Home,1049,1453,0,1,Keegan It Real
2024,17,Regular,Paulie Gee's,Away,1543,1371,1,0,New Jersey Eren
2024,18,Regular,Paulie Gee's,Home,962,1221,0,1,The Bronx Orthodox Church
2024,19,Regular,Paulie Gee's,Away,690,1209,0,1,Who Invited This Kid?
2024,20,Regular,Paulie Gee's,Home,1452,1748,0,1,Team Chigga
2024,21,Playoffs,Paulie Gee's,Away,1237,1059,1,0,For All the bullDawgs
2024,22,Playoffs,Paulie Gee's,Away,1257,911,1,0,Who Invited This Kid?
2024,23,Playoffs,Paulie Gee's,Away,1404,910,1,0,For All the bullDawgs
2024,1,Regular,For All the bullDawgs,Home,478,951,0,1,NYC Chopp Cheese
2024,2,Regular,For All the bullDawgs,Home,941,1595,0,1,Pooh Shaisty
2024,3,Regular,For All the bullDawgs,Away,1190,1180,1,0,Paulie Gee's
2024,4,Regular,For All the bullDawgs,Away,1462,1867,0,1,Keegan It Real
2024,5,Regular,For All the bullDawgs,Home,1118,1247,0,1,I Watch Basketbal
2024,6,Regular,For All the bullDawgs,Home,819,1489,0,1,New Jersey Eren
2024,7,Regular,For All the bullDawgs,Away,594,723,0,1,The Bronx Orthodox Church
2024,8,Regular,For All the bullDawgs,Home,938,1010,0,1,Who Invited This Kid?
2024,9,Regular,For All the bullDawgs,Away,1034,1421,0,1,NYC Chopp Cheese
2024,10,Regular,For All the bullDawgs,Away,622,1707,0,1,Pooh Shaisty
2024,11,Regular,For All the bullDawgs,Home,1087,872,1,0,Paulie Gee's
2024,12,Regular,For All the bullDawgs,Away,767,1428,0,1,Team Chigga
2024,13,Regular,For All the bullDawgs,Away,814,1311,0,1,I Watch Basketbal
2024,14,Regular,For All the bullDawgs,Home,869,1830,0,1,Keegan It Real
2024,15,Regular,For All the bullDawgs,Away,970,1670,0,1,New Jersey Eren
2024,16,Regular,For All the bullDawgs,Home,1017,1026,0,1,The Bronx Orthodox Church
2024,17,Regular,For All the bullDawgs,Away,1226,2011,0,1,Who Invited This Kid?
2024,18,Regular,For All the bullDawgs,Home,1108,1468,0,1,Team Chigga
2024,19,Regular,For All the bullDawgs,Away,1553,1528,1,0,Keegan It Real
2024,20,Regular,For All the bullDawgs,Home,1199,964,1,0,New Jersey Eren
2024,21,Playoffs,For All the bullDawgs,Home,1059,1237,0,1,Paulie Gee's
2024,22,Playoffs,For All the bullDawgs,Away,1078,804,1,0,The Bronx Orthodox Church
2024,23,Playoffs,For All the bullDawgs,Home,910,1404,0,1,Paulie Gee's
2024,1,Regular,Pooh Shaisty,Home,1276,1090,1,0,Paulie Gee's
2024,2,Regular,Pooh Shaisty,Away,1595,941,1,0,For All the bullDawgs
2024,3,Regular,Pooh Shaisty,Away,1369,1300,1,0,I Watch Basketbal
2024,4,Regular,Pooh Shaisty,Home,1594,1280,1,0,NYC Chopp Cheese
2024,5,Regular,Pooh Shaisty,Away,1484,1699,0,1,New Jersey Eren
2024,6,Regular,Pooh Shaisty,Home,1482,1484,0,1,The Bronx Orthodox Church
2024,7,Regular,Pooh Shaisty,Away,758,752,1,0,Who Invited This Kid?
2024,8,Regular,Pooh Shaisty,Home,2011,1826,1,0,Team Chigga
2024,9,Regular,Pooh Shaisty,Away,1652,916,1,0,Paulie Gee's
2024,10,Regular,Pooh Shaisty,Home,1707,622,1,0,For All the bullDawgs
2024,11,Regular,Pooh Shaisty,Home,1320,1531,0,1,I Watch Basketbal
2024,12,Regular,Pooh Shaisty,Away,1511,1397,1,0,NYC Chopp Cheese
2024,13,Regular,Pooh Shaisty,Away,896,1751,0,1,Keegan It Real
2024,14,Regular,Pooh Shaisty,Home,1435,1670,0,1,New Jersey Eren
2024,15,Regular,Pooh Shaisty,Away,1731,1562,1,0,The Bronx Orthodox Church
2024,16,Regular,Pooh Shaisty,Home,1532,1491,1,0,Who Invited This Kid?
2024,17,Regular,Pooh Shaisty,Away,1756,1841,0,1,Team Chigga
2024,18,Regular,Pooh Shaisty,Home,1213,1738,0,1,Keegan It Real
2024,19,Regular,Pooh Shaisty,Away,1665,1542,1,0,New Jersey Eren
2024,20,Regular,Pooh Shaisty,Home,1234,1166,1,0,The Bronx Orthodox Church
2024,21,Playoffs,Pooh Shaisty,Home,1105,1609,0,1,Team Chigga
2024,22,Playoffs,Pooh Shaisty,Away,918,1110,0,1,New Jersey Eren
2024,23,Playoffs,Pooh Shaisty,Away,1138,1019,1,0,New Jersey Eren
2024,1,Regular,The Bronx Orthodox Church,Home,1117,1111,1,0,I Watch Basketbal
2024,2,Regular,The Bronx Orthodox Church,Away,1411,1454,0,1,Team Chigga
2024,3,Regular,The Bronx Orthodox Church,Home,1402,1530,0,1,New Jersey Eren
2024,4,Regular,The Bronx Orthodox Church,Home,1420,1271,1,0,Who Invited This Kid?
2024,5,Regular,The Bronx Orthodox Church,Away,1434,1637,0,1,Keegan It Real
2024,6,Regular,The Bronx Orthodox Church,Away,1484,1482,1,0,Pooh Shaisty
2024,7,Regular,The Bronx Orthodox Church,Home,723,594,1,0,For All the bullDawgs
2024,8,Regular,The Bronx Orthodox Church,Away,1365,1615,0,1,NYC Chopp Cheese
2024,9,Regular,The Bronx Orthodox Church,Home,1342,1719,0,1,Keegan It Real
2024,10,Regular,The Bronx Orthodox Church,Home,1531,1046,1,0,Paulie Gee's
2024,11,Regular,The Bronx Orthodox Church,Home,1305,1573,0,1,Team Chigga
2024,12,Regular,The Bronx Orthodox Church,Away,1511,1467,1,0,New Jersey Eren
2024,13,Regular,The Bronx Orthodox Church,Away,1657,1388,1,0,Who Invited This Kid?
2024,14,Regular,The Bronx Orthodox Church,Away,1349,1636,0,1,I Watch Basketbal
2024,15,Regular,The Bronx Orthodox Church,Home,1562,1731,0,1,Pooh Shaisty
2024,16,Regular,The Bronx Orthodox Church,Away,1026,1017,1,0,For All the bullDawgs
2024,17,Regular,The Bronx Orthodox Church,Home,1871,1748,1,0,NYC Chopp Cheese
2024,18,Regular,The Bronx Orthodox Church,Away,1221,962,1,0,Paulie Gee's
2024,19,Regular,The Bronx Orthodox Church,Home,1620,1785,0,1,I Watch Basketbal
2024,20,Regular,The Bronx Orthodox Church,Away,1166,1234,0,1,Pooh Shaisty
2024,21,Playoffs,The Bronx Orthodox Church,Home,610,997,0,1,Who Invited This Kid?
2024,22,Playoffs,The Bronx Orthodox Church,Home,804,1078,0,1,For All the bullDawgs
2024,23,Playoffs,The Bronx Orthodox Church,Home,843,1357,0,1,Who Invited This Kid?
2024,1,Regular,NYC Chopp Cheese,Away,951,478,1,0,For All the bullDawgs
2024,2,Regular,NYC Chopp Cheese,Home,1540,1388,1,0,I Watch Basketbal
2024,3,Regular,NYC Chopp Cheese,Away,1336,1386,0,1,Team Chigga
2024,4,Regular,NYC Chopp Cheese,Away,1280,1594,0,1,Pooh Shaisty
2024,5,Regular,NYC Chopp Cheese,Home,1257,1202,1,0,Paulie Gee's
2024,6,Regular,NYC Chopp Cheese,Home,1420,1664,0,1,Keegan It Real
2024,7,Regular,NYC Chopp Cheese,Away,901,971,0,1,New Jersey Eren
2024,8,Regular,NYC Chopp Cheese,Home,1615,1365,1,0,The Bronx Orthodox Church
2024,9,Regular,NYC Chopp Cheese,Home,1421,1034,1,0,For All the bullDawgs
2024,10,Regular,NYC Chopp Cheese,Away,1758,1697,1,0,I Watch Basketbal
2024,11,Regular,NYC Chopp Cheese,Away,1411,1453,0,1,Who Invited This Kid?
2024,12,Regular,NYC Chopp Cheese,Home,1397,1511,0,1,Pooh Shaisty
2024,13,Regular,NYC Chopp Cheese,Away,1492,1030,1,0,Paulie Gee's
2024,14,Regular,NYC Chopp Cheese,Home,1456,1243,1,0,Team Chigga
2024,15,Regular,NYC Chopp Cheese,Away,1881,1890,0,1,Keegan It Real
2024,16,Regular,NYC Chopp Cheese,Home,1636,922,1,0,New Jersey Eren
2024,17,Regular,NYC Chopp Cheese,Away,1748,1871,0,1,The Bronx Orthodox Church
2024,18,Regular,NYC Chopp Cheese,Home,1276,1053,1,0,Who Invited This Kid?
2024,19,Regular,NYC Chopp Cheese,Away,1211,1678,0,1,Team Chigga
2024,20,Regular,NYC Chopp Cheese,Home,1272,1619,0,1,Keegan It Real
2024,21,Playoffs,NYC Chopp Cheese,Away,1641,790,1,0,New Jersey Eren
2024,22,Playoffs,NYC Chopp Cheese,Away,1816,1813,1,0,I Watch Basketbal
2024,23,Playoffs,NYC Chopp Cheese,Away,1491,1701,0,1,Team Chigga
2024,1,Regular,I Watch Basketbal,Away,1111,1117,0,1,The Bronx Orthodox Church
2024,2,Regular,I Watch Basketbal,Away,1388,1540,0,1,NYC Chopp Cheese
2024,3,Regular,I Watch Basketbal,Home,1300,1369,0,1,Pooh Shaisty
2024,4,Regular,I Watch Basketbal,Home,1174,1128,1,0,Paulie Gee's
2024,5,Regular,I Watch Basketbal,Away,1247,1118,1,0,For All the bullDawgs
2024,6,Regular,I Watch Basketbal,Home,1510,968,1,0,Who Invited This Kid?
2024,7,Regular,I Watch Basketbal,Away,1015,925,1,0,Team Chigga
2024,8,Regular,I Watch Basketbal,Home,1787,1811,0,1,Keegan It Real
2024,9,Regular,I Watch Basketbal,Away,1508,1713,0,1,New Jersey Eren
2024,10,Regular,I Watch Basketbal,Home,1697,1758,0,1,NYC Chopp Cheese
2024,11,Regular,I Watch Basketbal,Away,1531,1320,1,0,Pooh Shaisty
2024,12,Regular,I Watch Basketbal,Away,1197,1139,1,0,Paulie Gee's
2024,13,Regular,I Watch Basketbal,Home,1311,814,1,0,For All the bullDawgs
2024,14,Regular,I Watch Basketbal,Home,1636,1349,1,0,The Bronx Orthodox Church
2024,15,Regular,I Watch Basketbal,Away,1626,1424,1,0,Who Invited This Kid?
2024,16,Regular,I Watch Basketbal,Home,1824,1508,1,0,Team Chigga
2024,17,Regular,I Watch Basketbal,Away,2124,2499,0,1,Keegan It Real
2024,18,Regular,I Watch Basketbal,Home,1550,1466,1,0,New Jersey Eren
2024,19,Regular,I Watch Basketbal,Away,1785,1620,1,0,The Bronx Orthodox Church
2024,20,Regular,I Watch Basketbal,Home,1519,1266,1,0,Who Invited This Kid?
2024,21,Playoffs,I Watch Basketbal,Home,1813,1816,0,1,NYC Chopp Cheese
2024,22,Playoffs,I Watch Basketbal,Away,1276,1567,0,1,Keegan It Real