Year,Week,Type,Team Name,Team ID,Owner,Home/Away,Points For,Points Against,Win,Loss,Opponent Team Name,Opponent Team ID,Opponent Owner
2021,1,Regular,Monjizl Wanker Lads,1,Frank,Home,1101.0,829.0,1,0,Back to Back Spasms,4,Paul
2021,2,Regular,Monjizl Wanker Lads,1,Frank,Away,947.0,1585.0,0,1,Who Invited This Kid?,7,Jooahn
2021,3,Regular,Monjizl Wanker Lads,1,Frank,Home,1396.0,1390.0,1,0,Michigan Wolversemen,12,Semanto
2021,4,Regular,Monjizl Wanker Lads,1,Frank,Away,1321.0,1004.0,1,0,Team nunu man ,6,Tahmeed
2021,5,Regular,Monjizl Wanker Lads,1,Frank,Away,1241.0,942.0,1,0,Fuck Kevin Garnett,5,Shayan
2021,6,Regular,Monjizl Wanker Lads,1,Frank,Away,1195.0,1423.0,0,1,New Jersey Eren,2,Eren
2021,7,Regular,Monjizl Wanker Lads,1,Frank,Home,1407.0,1251.0,1,0,Killian SkyWalker,8,Jonathan
2021,8,Regular,Monjizl Wanker Lads,1,Frank,Away,1177.0,1526.0,0,1,ðŸ§‚ðŸ§‚ðŸ§‚ Ishouldbe9-1,11,Ibteda
2021,9,Regular,Monjizl Wanker Lads,1,Frank,Home,1173.0,1193.0,0,1,Benâ€™s Sons,10,Benson
2021,10,Regular,Monjizl Wanker Lads,1,Frank,Away,1377.0,1379.0,0,1,Back to Back Spasms,4,Paul
2021,11,Regular,Monjizl Wanker Lads,1,Frank,Home,1449.0,2116.0,0,1,Who Invited This Kid?,7,Jooahn
2021,12,Regular,Monjizl Wanker Lads,1,Frank,Away,1438.0,1507.0,0,1,Michigan Wolversemen,12,Semanto
2021,13,Regular,Monjizl Wanker Lads,1,Frank,Home,1171.0,1556.0,0,1,Team nunu man ,6,Tahmeed
2021,14,Regular,Monjizl Wanker Lads,1,Frank,Home,1086.0,1089.0,0,1,Fuck Kevin Garnett,5,Shayan
2021,15,Regular,Monjizl Wanker Lads,1,Frank,Home,1226.0,1130.0,1,0,New Jersey Eren,2,Eren
2021,16,Regular,Monjizl Wanker Lads,1,Frank,Away,1391.0,1004.0,1,0,Killian SkyWalker,8,Jonathan
2021,17,Playoffs,Monjizl Wanker Lads,1,Frank,Home,2023.0,2986.0,0,1,Michigan Wolversemen,12,Semanto
2021,18,Playoffs,Monjizl Wanker Lads,1,Frank,Home,1683.0,1068.0,1,0,Fuck Kevin Garnett,5,Shayan
2021,1,Regular,New Jersey Eren,2,Eren,Home,993.0,782.0,1,0,Benâ€™s Sons,10,Benson
2021,2,Regular,New Jersey Eren,2,Eren,Away,1239.0,1092.0,1,0,Back to Back Spasms,4,Paul
2021,3,Regular,New Jersey Eren,2,Eren,Home,1549.0,1520.0,1,0,Who Invited This Kid?,7,Jooahn
2021,4,Regular,New Jersey Eren,2,Eren,Away,1242.0,1024.0,1,0,Michigan Wolversemen,12,Semanto
2021,5,Regular,New Jersey Eren,2,Eren,Home,1284.0,1305.0,0,1,Team nunu man ,6,Tahmeed
2021,6,Regular,New Jersey Eren,2,Eren,Home,1423.0,1195.0,1,0,Monjizl Wanker Lads,1,Frank
2021,7,Regular,New Jersey Eren,2,Eren,Away,1611.0,1065.0,1,0,Fuck Kevin Garnett,5,Shayan
2021,8,Regular,New Jersey Eren,2,Eren,Away,1457.0,1098.0,1,0,Killian SkyWalker,8,Jonathan
2021,9,Regular,New Jersey Eren,2,Eren,Home,865.0,1591.0,0,1,ðŸ§‚ðŸ§‚ðŸ§‚ Ishouldbe9-1,11,Ibteda
2021,10,Regular,New Jersey Eren,2,Eren,Away,1413.0,995.0,1,0,Benâ€™s Sons,10,Benson
2021,11,Regular,New Jersey Eren,2,Eren,Home,1607.0,1389.0,1,0,Back to Back Spasms,4,Paul
2021,12,Regular,New Jersey Eren,2,Eren,Away,1403.0,1579.0,0,1,Who Invited This Kid?,7,Jooahn
2021,13,Regular,New Jersey Eren,2,Eren,Home,1303.0,1186.0,1,0,Michigan Wolversemen,12,Semanto
2021,14,Regular,New Jersey Eren,2,Eren,Away,1297.0,1427.0,0,1,Team nunu man ,6,Tahmeed
2021,15,Regular,New Jersey Eren,2,Eren,Away,1130.0,1226.0,0,1,Monjizl Wanker Lads,1,Frank
2021,16,Regular,New Jersey Eren,2,Eren,Home,1131.0,960.0,1,0,Fuck Kevin Garnett,5,Shayan
2021,17,Playoffs,New Jersey Eren,2,Eren,Away,2724.0,3193.0,0,1,Team nunu man ,6,Tahmeed
2021,18,Playoffs,New Jersey Eren,2,Eren,Away,2452.0,2477.0,0,1,Who Invited This Kid?,7,Jooahn
2021,1,Regular,Back to Back Spasms,4,Paul,Away,829.0,1101.0,0,1,Monjizl Wanker Lads,1,Frank
2021,2,Regular,Back to Back Spasms,4,Paul,Home,1092.0,1239.0,0,1,New Jersey Eren,2,Eren
2021,3,Regular,Back to Back Spasms,4,Paul,Home,1599.0,1224.0,1,0,Killian SkyWalker,8,Jonathan
2021,4,Regular,Back to Back Spasms,4,Paul,Away,1246.0,1235.0,1,0,ðŸ§‚ðŸ§‚ðŸ§‚ Ishouldbe9-1,11,Ibteda
2021,5,Regular,Back to Back Spasms,4,Paul,Home,1373.0,1283.0,1,0,Benâ€™s Sons,10,Benson
2021,6,Regular,Back to Back Spasms,4,Paul,Away,1392.0,1143.0,1,0,Fuck Kevin Garnett,5,Shayan
2021,7,Regular,Back to Back Spasms,4,Paul,Home,1442.0,1752.0,0,1,Who Invited This Kid?,7,Jooahn
2021,8,Regular,Back to Back Spasms,4,Paul,Away,1314.0,1126.0,1,0,Michigan Wolversemen,12,Semanto
2021,9,Regular,Back to Back Spasms,4,Paul,Home,1476.0,1560.0,0,1,Team nunu man ,6,Tahmeed
2021,10,Regular,Back to Back Spasms,4,Paul,Home,1379.0,1377.0,1,0,Monjizl Wanker Lads,1,Frank
2021,11,Regular,Back to Back Spasms,4,Paul,Away,1389.0,1607.0,0,1,New Jersey Eren,2,Eren
2021,12,Regular,Back to Back Spasms,4,Paul,Away,1546.0,1268.0,1,0,Killian SkyWalker,8,Jonathan
2021,13,Regular,Back to Back Spasms,4,Paul,Home,1388.0,1305.0,1,0,ðŸ§‚ðŸ§‚ðŸ§‚ Ishouldbe9-1,11,Ibteda
2021,14,Regular,Back to Back Spasms,4,Paul,Away,1221.0,1434.0,0,1,Benâ€™s Sons,10,Benson
2021,15,Regular,Back to Back Spasms,4,Paul,Home,1033.0,1123.0,0,1,Fuck Kevin Garnett,5,Shayan
2021,16,Regular,Back to Back Spasms,4,Paul,Away,494.0,1789.0,0,1,Who Invited This Kid?,7,Jooahn
2021,17,Playoffs,Back to Back Spasms,4,Paul,Home,1359.0,2759.0,0,1,Benâ€™s Sons,10,Benson
2021,18,Playoffs,Back to Back Spasms,4,Paul,Home,1236.0,2157.0,0,1,Killian SkyWalker,8,Jonathan
2021,1,Regular,Fuck Kevin Garnett,5,Shayan,Home,1069.0,868.0,1,0,Michigan Wolversemen,12,Semanto
2021,2,Regular,Fuck Kevin Garnett,5,Shayan,Home,1280.0,1171.0,1,0,ðŸ§‚ðŸ§‚ðŸ§‚ Ishouldbe9-1,11,Ibteda
2021,3,Regular,Fuck Kevin Garnett,5,Shayan,Home,1021.0,1356.0,0,1,Team nunu man ,6,Tahmeed
2021,4,Regular,Fuck Kevin Garnett,5,Shayan,Home,848.0,955.0,0,1,Benâ€™s Sons,10,Benson
2021,5,Regular,Fuck Kevin Garnett,5,Shayan,Home,942.0,1241.0,0,1,Monjizl Wanker Lads,1,Frank
2021,6,Regular,Fuck Kevin Garnett,5,Shayan,Home,1143.0,1392.0,0,1,Back to Back Spasms,4,Paul
2021,7,Regular,Fuck Kevin Garnett,5,Shayan,Home,1065.0,1611.0,0,1,New Jersey Eren,2,Eren
2021,8,Regular,Fuck Kevin Garnett,5,Shayan,Home,880.0,1873.0,0,1,Who Invited This Kid?,7,Jooahn
2021,9,Regular,Fuck Kevin Garnett,5,Shayan,Home,822.0,708.0,1,0,Killian SkyWalker,8,Jonathan
2021,10,Regular,Fuck Kevin Garnett,5,Shayan,Away,848.0,1485.0,0,1,Michigan Wolversemen,12,Semanto
2021,11,Regular,Fuck Kevin Garnett,5,Shayan,Away,1220.0,1708.0,0,1,ðŸ§‚ðŸ§‚ðŸ§‚ Ishouldbe9-1,11,Ibteda
2021,12,Regular,Fuck Kevin Garnett,5,Shayan,Away,1165.0,1695.0,0,1,Team nunu man ,6,Tahmeed
2021,13,Regular,Fuck Kevin Garnett,5,Shayan,Away,888.0,1253.0,0,1,Benâ€™s Sons,10,Benson
2021,14,Regular,Fuck Kevin Garnett,5,Shayan,Away,1089.0,1086.0,1,0,Monjizl Wanker Lads,1,Frank
2021,15,Regular,Fuck Kevin Garnett,5,Shayan,Away,1123.0,1033.0,1,0,Back to Back Spasms,4,Paul
2021,16,Regular,Fuck Kevin Garnett,5,Shayan,Away,960.0,1131.0,0,1,New Jersey Eren,2,Eren
2021,17,Playoffs,Fuck Kevin Garnett,5,Shayan,Home,1507.0,3045.0,0,1,Killian SkyWalker,8,Jonathan
2021,18,Playoffs,Fuck Kevin Garnett,5,Shayan,Away,1068.0,1683.0,0,1,Monjizl Wanker Lads,1,Frank
2021,1,Regular,Team nunu man ,6,Tahmeed,Home,980.0,1048.0,0,1,Who Invited This Kid?,7,Jooahn
2021,2,Regular,Team nunu man ,6,Tahmeed,Away,1473.0,1591.0,0,1,Michigan Wolversemen,12,Semanto
2021,3,Regular,Team nunu man ,6,Tahmeed,Away,1356.0,1021.0,1,0,Fuck Kevin Garnett,5,Shayan
2021,4,Regular,Team nunu man ,6,Tahmeed,Home,1004.0,1321.0,0,1,Monjizl Wanker Lads,1,Frank
2021,5,Regular,Team nunu man ,6,Tahmeed,Away,1305.0,1284.0,1,0,New Jersey Eren,2,Eren
2021,6,Regular,Team nunu man ,6,Tahmeed,Away,1569.0,1132.0,1,0,Killian SkyWalker,8,Jonathan
2021,7,Regular,Team nunu man ,6,Tahmeed,Home,1226.0,1593.0,0,1,ðŸ§‚ðŸ§‚ðŸ§‚ Ishouldbe9-1,11,Ibteda
2021,8,Regular,Team nunu man ,6,Tahmeed,Away,1382.0,1439.0,0,1,Benâ€™s Sons,10,Benson
2021,9,Regular,Team nunu man ,6,Tahmeed,Away,1560.0,1476.0,1,0,Back to Back Spasms,4,Paul
2021,10,Regular,Team nunu man ,6,Tahmeed,Away,1616.0,1553.0,1,0,Who Invited This Kid?,7,Jooahn
2021,11,Regular,Team nunu man ,6,Tahmeed,Home,1738.0,1722.0,1,0,Michigan Wolversemen,12,Semanto
2021,12,Regular,Team nunu man ,6,Tahmeed,Home,1695.0,1165.0,1,0,Fuck Kevin Garnett,5,Shayan
2021,13,Regular,Team nunu man ,6,Tahmeed,Away,1556.0,1171.0,1,0,Monjizl Wanker Lads,1,Frank
2021,14,Regular,Team nunu man ,6,Tahmeed,Home,1427.0,1297.0,1,0,New Jersey Eren,2,Eren
2021,15,Regular,Team nunu man ,6,Tahmeed,Home,1413.0,1271.0,1,0,Killian SkyWalker,8,Jonathan
2021,16,Regular,Team nunu man ,6,Tahmeed,Away,1134.0,1167.0,0,1,ðŸ§‚ðŸ§‚ðŸ§‚ Ishouldbe9-1,11,Ibteda
2021,17,Playoffs,Team nunu man ,6,Tahmeed,Home,3193.0,2724.0,1,0,New Jersey Eren,2,Eren
2021,18,Playoffs,Team nunu man ,6,Tahmeed,Home,2921.0,3235.0,0,1,ðŸ§‚ðŸ§‚ðŸ§‚ Ishouldbe9-1,11,Ibteda
2021,1,Regular,Who Invited This Kid?,7,Jooahn,Away,1048.0,980.0,1,0,Team nunu man ,6,Tahmeed
2021,2,Regular,Who Invited This Kid?,7,Jooahn,Home,1585.0,947.0,1,0,Monjizl Wanker Lads,1,Frank
2021,3,Regular,Who Invited This Kid?,7,Jooahn,Away,1520.0,1549.0,0,1,New Jersey Eren,2,Eren
2021,4,Regular,Who Invited This Kid?,7,Jooahn,Away,1064.0,835.0,1,0,Killian SkyWalker,8,Jonathan
2021,5,Regular,Who Invited This Kid?,7,Jooahn,Home,1140.0,1260.0,0,1,ðŸ§‚ðŸ§‚ðŸ§‚ Ishouldbe9-1,11,Ibteda
2021,6,Regular,Who Invited This Kid?,7,Jooahn,Away,1410.0,1146.0,1,0,Benâ€™s Sons,10,Benson
2021,7,Regular,Who Invited This Kid?,7,Jooahn,Away,1752.0,1442.0,1,0,Back to Back Spasms,4,Paul
2021,8,Regular,Who Invited This Kid?,7,Jooahn,Away,1873.0,880.0,1,0,Fuck Kevin Garnett,5,Shayan
2021,9,Regular,Who Invited This Kid?,7,Jooahn,Home,1642.0,1195.0,1,0,Michigan Wolversemen,12,Semanto
2021,10,Regular,Who Invited This Kid?,7,Jooahn,Home,1553.0,1616.0,0,1,Team nunu man ,6,Tahmeed
2021,11,Regular,Who Invited This Kid?,7,Jooahn,Away,2116.0,1449.0,1,0,Monjizl Wanker Lads,1,Frank
2021,12,Regular,Who Invited This Kid?,7,Jooahn,Home,1579.0,1403.0,1,0,New Jersey Eren,2,Eren
2021,13,Regular,Who Invited This Kid?,7,Jooahn,Home,1587.0,1332.0,1,0,Killian SkyWalker,8,Jonathan
2021,14,Regular,Who Invited This Kid?,7,Jooahn,Away,1430.0,1321.0,1,0,ðŸ§‚ðŸ§‚ðŸ§‚ Ishouldbe9-1,11,Ibteda
2021,15,Regular,Who Invited This Kid?,7,Jooahn,Home,1734.0,1302.0,1,0,Benâ€™s Sons,10,Benson
2021,16,Regular,Who Invited This Kid?,7,Jooahn,Home,1789.0,494.0,1,0,Back to Back Spasms,4,Paul
2021,17,Playoffs,Who Invited This Kid?,7,Jooahn,Home,2586.0,3312.0,0,1,ðŸ§‚ðŸ§‚ðŸ§‚ Ishouldbe9-1,11,Ibteda
2021,18,Playoffs,Who Invited This Kid?,7,Jooahn,Home,2477.0,2452.0,1,0,New Jersey Eren,2,Eren
2021,1,Regular,Killian SkyWalker,8,Jonathan,Home,965.0,845.0,1,0,ðŸ§‚ðŸ§‚ðŸ§‚ Ishouldbe9-1,11,Ibteda
2021,2,Regular,Killian SkyWalker,8,Jonathan,Away,1282.0,1333.0,0,1,Benâ€™s Sons,10,Benson
2021,3,Regular,Killian SkyWalker,8,Jonathan,Away,1224.0,1599.0,0,1,Back to Back Spasms,4,Paul
2021,4,Regular,Killian SkyWalker,8,Jonathan,Home,835.0,1064.0,0,1,Who Invited This Kid?,7,Jooahn
2021,5,Regular,Killian SkyWalker,8,Jonathan,Home,1240.0,1184.0,1,0,Michigan Wolversemen,12,Semanto
2021,6,Regular,Killian SkyWalker,8,Jonathan,Home,1132.0,1569.0,0,1,Team nunu man ,6,Tahmeed
2021,7,Regular,Killian SkyWalker,8,Jonathan,Away,1251.0,1407.0,0,1,Monjizl Wanker Lads,1,Frank
2021,8,Regular,Killian SkyWalker,8,Jonathan,Home,1098.0,1457.0,0,1,New Jersey Eren,2,Eren
2021,9,Regular,Killian SkyWalker,8,Jonathan,Away,708.0,822.0,0,1,Fuck Kevin Garnett,5,Shayan
2021,10,Regular,Killian SkyWalker,8,Jonathan,Away,894.0,1404.0,0,1,ðŸ§‚ðŸ§‚ðŸ§‚ Ishouldbe9-1,11,Ibteda
2021,11,Regular,Killian SkyWalker,8,Jonathan,Home,1542.0,1258.0,1,0,Benâ€™s Sons,10,Benson
2021,12,Regular,Killian SkyWalker,8,Jonathan,Home,1268.0,1546.0,0,1,Back to Back Spasms,4,Paul
2021,13,Regular,Killian SkyWalker,8,Jonathan,Away,1332.0,1587.0,0,1,Who Invited This Kid?,7,Jooahn
2021,14,Regular,Killian SkyWalker,8,Jonathan,Away,1291.0,1381.0,0,1,Michigan Wolversemen,12,Semanto
2021,15,Regular,Killian SkyWalker,8,Jonathan,Away,1271.0,1413.0,0,1,Team nunu man ,6,Tahmeed
2021,16,Regular,Killian SkyWalker,8,Jonathan,Home,1004.0,1391.0,0,1,Monjizl Wanker Lads,1,Frank
2021,17,Playoffs,Killian SkyWalker,8,Jonathan,Away,3045.0,1507.0,1,0,Fuck Kevin Garnett,5,Shayan
2021,18,Playoffs,Killian SkyWalker,8,Jonathan,Away,2157.0,1236.0,1,0,Back to Back Spasms,4,Paul
2021,1,Regular,Benâ€™s Sons,10,Benson,Away,782.0,993.0,0,1,New Jersey Eren,2,Eren
2021,2,Regular,Benâ€™s Sons,10,Benson,Home,1333.0,1282.0,1,0,Killian SkyWalker,8,Jonathan
2021,3,Regular,Benâ€™s Sons,10,Benson,Home,1150.0,1527.0,0,1,ðŸ§‚ðŸ§‚ðŸ§‚ Ishouldbe9-1,11,Ibteda
2021,4,Regular,Benâ€™s Sons,10,Benson,Away,955.0,848.0,1,0,Fuck Kevin Garnett,5,Shayan
2021,5,Regular,Benâ€™s Sons,10,Benson,Away,1283.0,1373.0,0,1,Back to Back Spasms,4,Paul
2021,6,Regular,Benâ€™s Sons,10,Benson,Home,1146.0,1410.0,0,1,Who Invited This Kid?,7,Jooahn
2021,7,Regular,Benâ€™s Sons,10,Benson,Home,1374.0,1385.0,0,1,Michigan Wolversemen,12,Semanto
2021,8,Regular,Benâ€™s Sons,10,Benson,Home,1439.0,1382.0,1,0,Team nunu man ,6,Tahmeed
2021,9,Regular,Benâ€™s Sons,10,Benson,Away,1193.0,1173.0,1,0,Monjizl Wanker Lads,1,Frank
2021,10,Regular,Benâ€™s Sons,10,Benson,Home,995.0,1413.0,0,1,New Jersey Eren,2,Eren
2021,11,Regular,Benâ€™s Sons,10,Benson,Away,1258.0,1542.0,0,1,Killian SkyWalker,8,Jonathan
2021,12,Regular,Benâ€™s Sons,10,Benson,Away,1244.0,1492.0,0,1,ðŸ§‚ðŸ§‚ðŸ§‚ Ishouldbe9-1,11,Ibteda
2021,13,Regular,Benâ€™s Sons,10,Benson,Home,1253.0,888.0,1,0,Fuck Kevin Garnett,5,Shayan
2021,14,Regular,Benâ€™s Sons,10,Benson,Home,1434.0,1221.0,1,0,Back to Back Spasms,4,Paul
2021,15,Regular,Benâ€™s Sons,10,Benson,Away,1302.0,1734.0,0,1,Who Invited This Kid?,7,Jooahn
2021,16,Regular,Benâ€™s Sons,10,Benson,Away,1462.0,1288.0,1,0,Michigan Wolversemen,12,Semanto
2021,17,Playoffs,Benâ€™s Sons,10,Benson,Away,2759.0,1359.0,1,0,Back to Back Spasms,4,Paul
2021,18,Playoffs,Benâ€™s Sons,10,Benson,Home,2560.0,3295.0,0,1,Michigan Wolversemen,12,Semanto
2021,1,Regular,ðŸ§‚ðŸ§‚ðŸ§‚ Ishouldbe9-1,11,Ibteda,Away,845.0,965.0,0,1,Killian SkyWalker,8,Jonathan
2021,2,Regular,ðŸ§‚ðŸ§‚ðŸ§‚ Ishouldbe9-1,11,Ibteda,Away,1171.0,1280.0,0,1,Fuck Kevin Garnett,5,Shayan
2021,3,Regular,ðŸ§‚ðŸ§‚ðŸ§‚ Ishouldbe9-1,11,Ibteda,Away,1527.0,1150.0,1,0,Benâ€™s Sons,10,Benson
2021,4,Regular,ðŸ§‚ðŸ§‚ðŸ§‚ Ishouldbe9-1,11,Ibteda,Home,1235.0,1246.0,0,1,Back to Back Spasms,4,Paul
2021,5,Regular,ðŸ§‚ðŸ§‚ðŸ§‚ Ishouldbe9-1,11,Ibteda,Away,1260.0,1140.0,1,0,Who Invited This Kid?,7,Jooahn
2021,6,Regular,ðŸ§‚ðŸ§‚ðŸ§‚ Ishouldbe9-1,11,Ibteda,Away,1283.0,1314.0,0,1,Michigan Wolversemen,12,Semanto
2021,7,Regular,ðŸ§‚ðŸ§‚ðŸ§‚ Ishouldbe9-1,11,Ibteda,Away,1593.0,1226.0,1,0,Team nunu man ,6,Tahmeed
2021,8,Regular,ðŸ§‚ðŸ§‚ðŸ§‚ Ishouldbe9-1,11,Ibteda,Home,1526.0,1177.0,1,0,Monjizl Wanker Lads,1,Frank
2021,9,Regular,ðŸ§‚ðŸ§‚ðŸ§‚ Ishouldbe9-1,11,Ibteda,Away,1591.0,865.0,1,0,New Jersey Eren,2,Eren
2021,10,Regular,ðŸ§‚ðŸ§‚ðŸ§‚ Ishouldbe9-1,11,Ibteda,Home,1404.0,894.0,1,0,Killian SkyWalker,8,Jonathan
2021,11,Regular,ðŸ§‚ðŸ§‚ðŸ§‚ Ishouldbe9-1,11,Ibteda,Home,1708.0,1220.0,1,0,Fuck Kevin Garnett,5,Shayan
2021,12,Regular,ðŸ§‚ðŸ§‚ðŸ§‚ Ishouldbe9-1,11,Ibteda,Home,1492.0,1244.0,1,0,Benâ€™s Sons,10,Benson
2021,13,Regular,ðŸ§‚ðŸ§‚ðŸ§‚ Ishouldbe9-1,11,Ibteda,Away,1305.0,1388.0,0,1,Back to Back Spasms,4,Paul
2021,14,Regular,ðŸ§‚ðŸ§‚ðŸ§‚ Ishouldbe9-1,11,Ibteda,Home,1321.0,1430.0,0,1,Who Invited This Kid?,7,Jooahn
2021,15,Regular,ðŸ§‚ðŸ§‚ðŸ§‚ Ishouldbe9-1,11,Ibteda,Home,1450.0,1280.0,1,0,Michigan Wolversemen,12,Semanto
2021,16,Regular,ðŸ§‚ðŸ§‚ðŸ§‚ Ishouldbe9-1,11,Ibteda,Home,1167.0,1134.0,1,0,Team nunu man ,6,Tahmeed
2021,17,Playoffs,ðŸ§‚ðŸ§‚ðŸ§‚ Ishouldbe9-1,11,Ibteda,Away,3312.0,2586.0,1,0,Who Invited This Kid?,7,Jooahn
2021,18,Playoffs,ðŸ§‚ðŸ§‚ðŸ§‚ Ishouldbe9-1,11,Ibteda,Away,3235.0,2921.0,1,0,Team nunu man ,6,Tahmeed
2021,1,Regular,Michigan Wolversemen,12,Semanto,Away,868.0,1069.0,0,1,Fuck Kevin Garnett,5,Shayan
2021,2,Regular,Michigan Wolversemen,12,Semanto,Home,1591.0,1473.0,1,0,Team nunu man ,6,Tahmeed
2021,3,Regular,Michigan Wolversemen,12,Semanto,Away,1390.0,1396.0,0,1,Monjizl Wanker Lads,1,Frank
2021,4,Regular,Michigan Wolversemen,12,Semanto,Home,1024.0,1242.0,0,1,New Jersey Eren,2,Eren
2021,5,Regular,Michigan Wolversemen,12,Semanto,Away,1184.0,1240.0,0,1,Killian SkyWalker,8,Jonathan
2021,6,Regular,Michigan Wolversemen,12,Semanto,Home,1314.0,1283.0,1,0,ðŸ§‚ðŸ§‚ðŸ§‚ Ishouldbe9-1,11,Ibteda
2021,7,Regular,Michigan Wolversemen,12,Semanto,Away,1385.0,1374.0,1,0,Benâ€™s Sons,10,Benson
2021,8,Regular,Michigan Wolversemen,12,Semanto,Home,1126.0,1314.0,0,1,Back to Back Spasms,4,Paul
2021,9,Regular,Michigan Wolversemen,12,Semanto,Away,1195.0,1642.0,0,1,Who Invited This Kid?,7,Jooahn
2021,10,Regular,Michigan Wolversemen,12,Semanto,Home,1485.0,848.0,1,0,Fuck Kevin Garnett,5,Shayan
2021,11,Regular,Michigan Wolversemen,12,Semanto,Away,1722.0,1738.0,0,1,Team nunu man ,6,Tahmeed
2021,12,Regular,Michigan Wolversemen,12,Semanto,Home,1507.0,1438.0,1,0,Monjizl Wanker Lads,1,Frank
2021,13,Regular,Michigan Wolversemen,12,Semanto,Away,1186.0,1303.0,0,1,New Jersey Eren,2,Eren
2021,14,Regular,Michigan Wolversemen,12,Semanto,Home,1381.0,1291.0,1,0,Killian SkyWalker,8,Jonathan
2021,15,Regular,Michigan Wolversemen,12,Semanto,Away,1280.0,1450.0,0,1,ðŸ§‚ðŸ§‚ðŸ§‚ Ishouldbe9-1,11,Ibteda
2021,16,Regular,Michigan Wolversemen,12,Semanto,Home,1288.0,1462.0,0,1,Benâ€™s Sons,10,Benson
2021,17,Playoffs,Michigan Wolversemen,12,Semanto,Away,2986.0,2023.0,1,0,Monjizl Wanker Lads,1,Frank
2021,18,Playoffs,Michigan Wolversemen,12,Semanto,Away,3295.0,2560.0,1,0,Benâ€™s Sons,10,Benson
2022,1,Regular,Monjizl Wanker Lads,1,Frank,Home,1025.0,839.0,1,0,New Jersey Eren,2,Eren
2022,2,Regular,Monjizl Wanker Lads,1,Frank,Away,1457.0,1369.0,1,0,L-Eat Gang,11,Ibteda
2022,3,Regular,Monjizl Wanker Lads,1,Frank,Home,1319.0,1375.0,0,1,Fuck Kevin Garnett,5,Shayan
2022,4,Regular,Monjizl Wanker Lads,1,Frank,Home,1114.0,1648.0,0,1,The Bronx Gangbangers,13,Arian
2022,5,Regular,Monjizl Wanker Lads,1,Frank,Away,1286.0,1237.0,1,0,Who Invited This Kid?,7,Jooahn
2022,6,Regular,Monjizl Wanker Lads,1,Frank,Home,896.0,1288.0,0,1,Michigan Wolversemen,12,Semanto
2022,7,Regular,Monjizl Wanker Lads,1,Frank,Away,1009.0,1354.0,0,1,Benâ€™s Sons,10,Benson
2022,8,Regular,Monjizl Wanker Lads,1,Frank,Home,1048.0,731.0,1,0,NYC Chopp Cheese,16,Allen
2022,9,Regular,Monjizl Wanker Lads,1,Frank,Away,1001.0,1051.0,0,1,Team nunu man ,6,Tahmeed
2022,10,Regular,Monjizl Wanker Lads,1,Frank,Home,625.0,759.0,0,1,My Entire Team  Suggs,4,Paul
2022,11,Regular,Monjizl Wanker Lads,1,Frank,Away,567.0,1090.0,0,1,The Taste of Lavar's Balls,8,Jonathan
2022,12,Regular,Monjizl Wanker Lads,1,Frank,Away,769.0,1461.0,0,1,New Jersey Eren,2,Eren
2022,13,Regular,Monjizl Wanker Lads,1,Frank,Home,1130.0,814.0,1,0,L-Eat Gang,11,Ibteda
2022,14,Regular,Monjizl Wanker Lads,1,Frank,Away,1607.0,1080.0,1,0,Fuck Kevin Garnett,5,Shayan
2022,15,Regular,Monjizl Wanker Lads,1,Frank,Away,1269.0,1147.0,1,0,The Bronx Gangbangers,13,Arian
2022,16,Regular,Monjizl Wanker Lads,1,Frank,Home,1437.0,1446.0,0,1,Who Invited This Kid?,7,Jooahn
2022,17,Regular,Monjizl Wanker Lads,1,Frank,Home,1186.0,1173.0,1,0,Michigan Wolversemen,12,Semanto
2022,18,Regular,Monjizl Wanker Lads,1,Frank,Away,1803.0,1387.0,1,0,Benâ€™s Sons,10,Benson
2022,19,Regular,Monjizl Wanker Lads,1,Frank,Home,1207.0,1143.0,1,0,NYC Chopp Cheese,16,Allen
2022,20,Regular,Monjizl Wanker Lads,1,Frank,Away,1388.0,762.0,1,0,Team nunu man ,6,Tahmeed
2022,21,Regular,Monjizl Wanker Lads,1,Frank,Home,989.0,920.0,1,0,NYC Chopp Cheese,16,Allen
2022,22,Playoffs,Monjizl Wanker Lads,1,Frank,Home,1170.0,1216.0,0,1,L-Eat Gang,11,Ibteda
2022,23,Playoffs,Monjizl Wanker Lads,1,Frank,Home,1103.0,1195.0,0,1,My Entire Team  Suggs,4,Paul
2022,24,Playoffs,Monjizl Wanker Lads,1,Frank,Home,674.0,1087.0,0,1,The Taste of Lavar's Balls,8,Jonathan
2022,1,Regular,New Jersey Eren,2,Eren,Away,839.0,1025.0,0,1,Monjizl Wanker Lads,1,Frank
2022,2,Regular,New Jersey Eren,2,Eren,Home,1190.0,1267.0,0,1,The Bronx Gangbangers,13,Arian
2022,3,Regular,New Jersey Eren,2,Eren,Away,1257.0,1273.0,0,1,L-Eat Gang,11,Ibteda
2022,4,Regular,New Jersey Eren,2,Eren,Home,1271.0,1020.0,1,0,Who Invited This Kid?,7,Jooahn
2022,5,Regular,New Jersey Eren,2,Eren,Away,1201.0,924.0,1,0,Fuck Kevin Garnett,5,Shayan
2022,6,Regular,New Jersey Eren,2,Eren,Home,763.0,1243.0,0,1,Benâ€™s Sons,10,Benson
2022,7,Regular,New Jersey Eren,2,Eren,Away,1049.0,617.0,1,0,NYC Chopp Cheese,16,Allen
2022,8,Regular,New Jersey Eren,2,Eren,Home,1307.0,715.0,1,0,Team nunu man ,6,Tahmeed
2022,9,Regular,New Jersey Eren,2,Eren,Away,1319.0,897.0,1,0,My Entire Team  Suggs,4,Paul
2022,10,Regular,New Jersey Eren,2,Eren,Home,828.0,929.0,0,1,The Taste of Lavar's Balls,8,Jonathan
2022,11,Regular,New Jersey Eren,2,Eren,Away,1081.0,1120.0,0,1,Michigan Wolversemen,12,Semanto
2022,12,Regular,New Jersey Eren,2,Eren,Home,1461.0,769.0,1,0,Monjizl Wanker Lads,1,Frank
2022,13,Regular,New Jersey Eren,2,Eren,Away,1397.0,871.0,1,0,The Bronx Gangbangers,13,Arian
2022,14,Regular,New Jersey Eren,2,Eren,Home,1599.0,1096.0,1,0,L-Eat Gang,11,Ibteda
2022,15,Regular,New Jersey Eren,2,Eren,Away,1385.0,1256.0,1,0,Who Invited This Kid?,7,Jooahn
2022,16,Regular,New Jersey Eren,2,Eren,Home,1510.0,981.0,1,0,Fuck Kevin Garnett,5,Shayan
2022,17,Regular,New Jersey Eren,2,Eren,Home,1195.0,1195.0,0,1,Benâ€™s Sons,10,Benson
2022,18,Regular,New Jersey Eren,2,Eren,Away,1294.0,1212.0,1,0,NYC Chopp Cheese,16,Allen
2022,19,Regular,New Jersey Eren,2,Eren,Home,963.0,800.0,1,0,Team nunu man ,6,Tahmeed
2022,20,Regular,New Jersey Eren,2,Eren,Away,1261.0,1045.0,1,0,My Entire Team  Suggs,4,Paul
2022,21,Regular,New Jersey Eren,2,Eren,Home,1239.0,1152.0,1,0,Benâ€™s Sons,10,Benson
2022,22,Playoffs,New Jersey Eren,2,Eren,Home,1634.0,1433.0,1,0,My Entire Team  Suggs,4,Paul
2022,23,Playoffs,New Jersey Eren,2,Eren,Away,2004.0,1382.0,1,0,Who Invited This Kid?,7,Jooahn
2022,24,Playoffs,New Jersey Eren,2,Eren,Away,1467.0,1207.0,1,0,Michigan Wolversemen,12,Semanto
2022,1,Regular,My Entire Team  Suggs,4,Paul,Away,1034.0,1020.0,1,0,Team nunu man ,6,Tahmeed
2022,2,Regular,My Entire Team  Suggs,4,Paul,Home,1039.0,1100.0,0,1,Michigan Wolversemen,12,Semanto
2022,3,Regular,My Entire Team  Suggs,4,Paul,Home,1206.0,1540.0,0,1,Benâ€™s Sons,10,Benson
2022,4,Regular,My Entire Team  Suggs,4,Paul,Away,1229.0,1056.0,1,0,NYC Chopp Cheese,16,Allen
2022,5,Regular,My Entire Team  Suggs,4,Paul,Home,1250.0,1246.0,1,0,The Taste of Lavar's Balls,8,Jonathan
2022,6,Regular,My Entire Team  Suggs,4,Paul,Away,1322.0,1324.0,0,1,L-Eat Gang,11,Ibteda
2022,7,Regular,My Entire Team  Suggs,4,Paul,Home,999.0,1254.0,0,1,Who Invited This Kid?,7,Jooahn
2022,8,Regular,My Entire Team  Suggs,4,Paul,Away,1181.0,1055.0,1,0,Fuck Kevin Garnett,5,Shayan
2022,9,Regular,My Entire Team  Suggs,4,Paul,Home,897.0,1319.0,0,1,New Jersey Eren,2,Eren
2022,10,Regular,My Entire Team  Suggs,4,Paul,Away,759.0,625.0,1,0,Monjizl Wanker Lads,1,Frank
2022,11,Regular,My Entire Team  Suggs,4,Paul,Home,1081.0,930.0,1,0,The Bronx Gangbangers,13,Arian
2022,12,Regular,My Entire Team  Suggs,4,Paul,Home,1116.0,913.0,1,0,Team nunu man ,6,Tahmeed
2022,13,Regular,My Entire Team  Suggs,4,Paul,Away,1115.0,1204.0,0,1,Michigan Wolversemen,12,Semanto
2022,14,Regular,My Entire Team  Suggs,4,Paul,Away,1243.0,1185.0,1,0,Benâ€™s Sons,10,Benson
2022,15,Regular,My Entire Team  Suggs,4,Paul,Home,1099.0,1003.0,1,0,NYC Chopp Cheese,16,Allen
2022,16,Regular,My Entire Team  Suggs,4,Paul,Away,1289.0,931.0,1,0,The Taste of Lavar's Balls,8,Jonathan
2022,17,Regular,My Entire Team  Suggs,4,Paul,Away,1000.0,1143.0,0,1,L-Eat Gang,11,Ibteda
2022,18,Regular,My Entire Team  Suggs,4,Paul,Home,1283.0,1865.0,0,1,Who Invited This Kid?,7,Jooahn
2022,19,Regular,My Entire Team  Suggs,4,Paul,Away,1738.0,944.0,1,0,Fuck Kevin Garnett,5,Shayan
2022,20,Regular,My Entire Team  Suggs,4,Paul,Home,1045.0,1261.0,0,1,New Jersey Eren,2,Eren
2022,21,Regular,My Entire Team  Suggs,4,Paul,Away,971.0,1272.0,0,1,Who Invited This Kid?,7,Jooahn
2022,22,Playoffs,My Entire Team  Suggs,4,Paul,Away,1433.0,1634.0,0,1,New Jersey Eren,2,Eren
2022,23,Playoffs,My Entire Team  Suggs,4,Paul,Away,1195.0,1103.0,1,0,Monjizl Wanker Lads,1,Frank
2022,24,Playoffs,My Entire Team  Suggs,4,Paul,Home,1073.0,415.0,1,0,Benâ€™s Sons,10,Benson
2022,1,Regular,Fuck Kevin Garnett,5,Shayan,Home,899.0,835.0,1,0,The Bronx Gangbangers,13,Arian
2022,2,Regular,Fuck Kevin Garnett,5,Shayan,Away,989.0,1342.0,0,1,Who Invited This Kid?,7,Jooahn
2022,3,Regular,Fuck Kevin Garnett,5,Shayan,Away,1375.0,1319.0,1,0,Monjizl Wanker Lads,1,Frank
2022,4,Regular,Fuck Kevin Garnett,5,Shayan,Home,1238.0,1477.0,0,1,L-Eat Gang,11,Ibteda
2022,5,Regular,Fuck Kevin Garnett,5,Shayan,Home,924.0,1201.0,0,1,New Jersey Eren,2,Eren
2022,6,Regular,Fuck Kevin Garnett,5,Shayan,Home,972.0,892.0,1,0,NYC Chopp Cheese,16,Allen
2022,7,Regular,Fuck Kevin Garnett,5,Shayan,Away,871.0,991.0,0,1,Team nunu man ,6,Tahmeed
2022,8,Regular,Fuck Kevin Garnett,5,Shayan,Home,1055.0,1181.0,0,1,My Entire Team  Suggs,4,Paul
2022,9,Regular,Fuck Kevin Garnett,5,Shayan,Away,809.0,1280.0,0,1,The Taste of Lavar's Balls,8,Jonathan
2022,10,Regular,Fuck Kevin Garnett,5,Shayan,Home,620.0,949.0,0,1,Michigan Wolversemen,12,Semanto
2022,11,Regular,Fuck Kevin Garnett,5,Shayan,Away,971.0,923.0,1,0,Benâ€™s Sons,10,Benson
2022,12,Regular,Fuck Kevin Garnett,5,Shayan,Away,1106.0,1166.0,0,1,The Bronx Gangbangers,13,Arian
2022,13,Regular,Fuck Kevin Garnett,5,Shayan,Home,846.0,1292.0,0,1,Who Invited This Kid?,7,Jooahn
2022,14,Regular,Fuck Kevin Garnett,5,Shayan,Home,1080.0,1607.0,0,1,Monjizl Wanker Lads,1,Frank
2022,15,Regular,Fuck Kevin Garnett,5,Shayan,Away,1180.0,968.0,1,0,L-Eat Gang,11,Ibteda
2022,16,Regular,Fuck Kevin Garnett,5,Shayan,Away,981.0,1510.0,0,1,New Jersey Eren,2,Eren
2022,17,Regular,Fuck Kevin Garnett,5,Shayan,Home,1005.0,1060.0,0,1,NYC Chopp Cheese,16,Allen
2022,18,Regular,Fuck Kevin Garnett,5,Shayan,Away,1268.0,1062.0,1,0,Team nunu man ,6,Tahmeed
2022,19,Regular,Fuck Kevin Garnett,5,Shayan,Home,944.0,1738.0,0,1,My Entire Team  Suggs,4,Paul
2022,20,Regular,Fuck Kevin Garnett,5,Shayan,Away,742.0,1088.0,0,1,The Taste of Lavar's Balls,8,Jonathan
2022,21,Regular,Fuck Kevin Garnett,5,Shayan,Home,908.0,1453.0,0,1,Michigan Wolversemen,12,Semanto
2022,22,Playoffs,Fuck Kevin Garnett,5,Shayan,Away,798.0,76.0,1,0,The Bronx Gangbangers,13,Arian
2022,23,Playoffs,Fuck Kevin Garnett,5,Shayan,Home,858.0,751.0,1,0,Team nunu man ,6,Tahmeed
2022,24,Playoffs,Fuck Kevin Garnett,5,Shayan,Home,763.0,903.0,0,1,NYC Chopp Cheese,16,Allen
2022,1,Regular,Team nunu man ,6,Tahmeed,Home,1020.0,1034.0,0,1,My Entire Team  Suggs,4,Paul
2022,2,Regular,Team nunu man ,6,Tahmeed,Home,1421.0,876.0,1,0,NYC Chopp Cheese,16,Allen
2022,3,Regular,Team nunu man ,6,Tahmeed,Away,985.0,1444.0,0,1,The Taste of Lavar's Balls,8,Jonathan
2022,4,Regular,Team nunu man ,6,Tahmeed,Away,1147.0,1141.0,1,0,Benâ€™s Sons,10,Benson
2022,5,Regular,Team nunu man ,6,Tahmeed,Home,1094.0,1097.0,0,1,Michigan Wolversemen,12,Semanto
2022,6,Regular,Team nunu man ,6,Tahmeed,Away,1192.0,1247.0,0,1,Who Invited This Kid?,7,Jooahn
2022,7,Regular,Team nunu man ,6,Tahmeed,Home,991.0,871.0,1,0,Fuck Kevin Garnett,5,Shayan
2022,8,Regular,Team nunu man ,6,Tahmeed,Away,715.0,1307.0,0,1,New Jersey Eren,2,Eren
2022,9,Regular,Team nunu man ,6,Tahmeed,Home,1051.0,1001.0,1,0,Monjizl Wanker Lads,1,Frank
2022,10,Regular,Team nunu man ,6,Tahmeed,Away,765.0,586.0,1,0,The Bronx Gangbangers,13,Arian
2022,11,Regular,Team nunu man ,6,Tahmeed,Home,610.0,896.0,0,1,L-Eat Gang,11,Ibteda
2022,12,Regular,Team nunu man ,6,Tahmeed,Away,913.0,1116.0,0,1,My Entire Team  Suggs,4,Paul
2022,13,Regular,Team nunu man ,6,Tahmeed,Away,988.0,1106.0,0,1,NYC Chopp Cheese,16,Allen
2022,14,Regular,Team nunu man ,6,Tahmeed,Home,1233.0,890.0,1,0,The Taste of Lavar's Balls,8,Jonathan
2022,15,Regular,Team nunu man ,6,Tahmeed,Home,710.0,1249.0,0,1,Benâ€™s Sons,10,Benson
2022,16,Regular,Team nunu man ,6,Tahmeed,Away,880.0,1161.0,0,1,Michigan Wolversemen,12,Semanto
2022,17,Regular,Team nunu man ,6,Tahmeed,Away,916.0,1330.0,0,1,Who Invited This Kid?,7,Jooahn
2022,18,Regular,Team nunu man ,6,Tahmeed,Home,1062.0,1268.0,0,1,Fuck Kevin Garnett,5,Shayan
2022,19,Regular,Team nunu man ,6,Tahmeed,Away,800.0,963.0,0,1,New Jersey Eren,2,Eren
2022,20,Regular,Team nunu man ,6,Tahmeed,Home,762.0,1388.0,0,1,Monjizl Wanker Lads,1,Frank
2022,21,Regular,Team nunu man ,6,Tahmeed,Away,877.0,1016.0,0,1,L-Eat Gang,11,Ibteda
2022,22,Playoffs,Team nunu man ,6,Tahmeed,Home,902.0,620.0,1,0,NYC Chopp Cheese,16,Allen
2022,23,Playoffs,Team nunu man ,6,Tahmeed,Away,751.0,858.0,0,1,Fuck Kevin Garnett,5,Shayan
2022,24,Playoffs,Team nunu man ,6,Tahmeed,Away,745.0,0.0,1,0,The Bronx Gangbangers,13,Arian
2022,1,Regular,Who Invited This Kid?,7,Jooahn,Home,1069.0,1083.0,0,1,L-Eat Gang,11,Ibteda
2022,2,Regular,Who Invited This Kid?,7,Jooahn,Home,1342.0,989.0,1,0,Fuck Kevin Garnett,5,Shayan
2022,3,Regular,Who Invited This Kid?,7,Jooahn,Away,1451.0,1334.0,1,0,The Bronx Gangbangers,13,Arian
2022,4,Regular,Who Invited This Kid?,7,Jooahn,Away,1020.0,1271.0,0,1,New Jersey Eren,2,Eren
2022,5,Regular,Who Invited This Kid?,7,Jooahn,Home,1237.0,1286.0,0,1,Monjizl Wanker Lads,1,Frank
2022,6,Regular,Who Invited This Kid?,7,Jooahn,Home,1247.0,1192.0,1,0,Team nunu man ,6,Tahmeed
2022,7,Regular,Who Invited This Kid?,7,Jooahn,Away,1254.0,999.0,1,0,My Entire Team  Suggs,4,Paul
2022,8,Regular,Who Invited This Kid?,7,Jooahn,Home,1286.0,1077.0,1,0,The Taste of Lavar's Balls,8,Jonathan
2022,9,Regular,Who Invited This Kid?,7,Jooahn,Away,902.0,1113.0,0,1,Michigan Wolversemen,12,Semanto
2022,10,Regular,Who Invited This Kid?,7,Jooahn,Home,674.0,737.0,0,1,Benâ€™s Sons,10,Benson
2022,11,Regular,Who Invited This Kid?,7,Jooahn,Away,1170.0,885.0,1,0,NYC Chopp Cheese,16,Allen
2022,12,Regular,Who Invited This Kid?,7,Jooahn,Away,1304.0,875.0,1,0,L-Eat Gang,11,Ibteda
2022,13,Regular,Who Invited This Kid?,7,Jooahn,Away,1292.0,846.0,1,0,Fuck Kevin Garnett,5,Shayan
2022,14,Regular,Who Invited This Kid?,7,Jooahn,Home,1285.0,1059.0,1,0,The Bronx Gangbangers,13,Arian
2022,15,Regular,Who Invited This Kid?,7,Jooahn,Home,1256.0,1385.0,0,1,New Jersey Eren,2,Eren
2022,16,Regular,Who Invited This Kid?,7,Jooahn,Away,1446.0,1437.0,1,0,Monjizl Wanker Lads,1,Frank
2022,17,Regular,Who Invited This Kid?,7,Jooahn,Home,1330.0,916.0,1,0,Team nunu man ,6,Tahmeed
2022,18,Regular,Who Invited This Kid?,7,Jooahn,Away,1865.0,1283.0,1,0,My Entire Team  Suggs,4,Paul
2022,19,Regular,Who Invited This Kid?,7,Jooahn,Home,1321.0,769.0,1,0,The Taste of Lavar's Balls,8,Jonathan
2022,20,Regular,Who Invited This Kid?,7,Jooahn,Away,1292.0,1262.0,1,0,Michigan Wolversemen,12,Semanto
2022,21,Regular,Who Invited This Kid?,7,Jooahn,Home,1272.0,971.0,1,0,My Entire Team  Suggs,4,Paul
2022,22,Playoffs,Who Invited This Kid?,7,Jooahn,Home,1440.0,1134.0,1,0,Benâ€™s Sons,10,Benson
2022,23,Playoffs,Who Invited This Kid?,7,Jooahn,Home,1382.0,2004.0,0,1,New Jersey Eren,2,Eren
2022,24,Playoffs,Who Invited This Kid?,7,Jooahn,Home,976.0,604.0,1,0,L-Eat Gang,11,Ibteda
2022,1,Regular,The Taste of Lavar's Balls,8,Jonathan,Away,1034.0,676.0,1,0,NYC Chopp Cheese,16,Allen
2022,2,Regular,The Taste of Lavar's Balls,8,Jonathan,Away,1306.0,1408.0,0,1,Benâ€™s Sons,10,Benson
2022,3,Regular,The Taste of Lavar's Balls,8,Jonathan,Home,1444.0,985.0,1,0,Team nunu man ,6,Tahmeed
2022,4,Regular,The Taste of Lavar's Balls,8,Jonathan,Away,1138.0,1212.0,0,1,Michigan Wolversemen,12,Semanto
2022,5,Regular,The Taste of Lavar's Balls,8,Jonathan,Away,1246.0,1250.0,0,1,My Entire Team  Suggs,4,Paul
2022,6,Regular,The Taste of Lavar's Balls,8,Jonathan,Away,1218.0,1140.0,1,0,The Bronx Gangbangers,13,Arian
2022,7,Regular,The Taste of Lavar's Balls,8,Jonathan,Home,1050.0,1261.0,0,1,L-Eat Gang,11,Ibteda
2022,8,Regular,The Taste of Lavar's Balls,8,Jonathan,Away,1077.0,1286.0,0,1,Who Invited This Kid?,7,Jooahn
2022,9,Regular,The Taste of Lavar's Balls,8,Jonathan,Home,1280.0,809.0,1,0,Fuck Kevin Garnett,5,Shayan
2022,10,Regular,The Taste of Lavar's Balls,8,Jonathan,Away,929.0,828.0,1,0,New Jersey Eren,2,Eren
2022,11,Regular,The Taste of Lavar's Balls,8,Jonathan,Home,1090.0,567.0,1,0,Monjizl Wanker Lads,1,Frank
2022,12,Regular,The Taste of Lavar's Balls,8,Jonathan,Home,1236.0,1101.0,1,0,NYC Chopp Cheese,16,Allen
2022,13,Regular,The Taste of Lavar's Balls,8,Jonathan,Home,935.0,1290.0,0,1,Benâ€™s Sons,10,Benson
2022,14,Regular,The Taste of Lavar's Balls,8,Jonathan,Away,890.0,1233.0,0,1,Team nunu man ,6,Tahmeed
2022,15,Regular,The Taste of Lavar's Balls,8,Jonathan,Home,545.0,1416.0,0,1,Michigan Wolversemen,12,Semanto
2022,16,Regular,The Taste of Lavar's Balls,8,Jonathan,Home,931.0,1289.0,0,1,My Entire Team  Suggs,4,Paul
2022,17,Regular,The Taste of Lavar's Balls,8,Jonathan,Away,1108.0,1256.0,0,1,The Bronx Gangbangers,13,Arian
2022,18,Regular,The Taste of Lavar's Balls,8,Jonathan,Home,1280.0,1663.0,0,1,L-Eat Gang,11,Ibteda
2022,19,Regular,The Taste of Lavar's Balls,8,Jonathan,Away,769.0,1321.0,0,1,Who Invited This Kid?,7,Jooahn
2022,20,Regular,The Taste of Lavar's Balls,8,Jonathan,Home,1088.0,742.0,1,0,Fuck Kevin Garnett,5,Shayan
2022,21,Regular,The Taste of Lavar's Balls,8,Jonathan,Away,1154.0,1048.0,1,0,The Bronx Gangbangers,13,Arian
2022,22,Playoffs,The Taste of Lavar's Balls,8,Jonathan,Away,1229.0,1234.0,0,1,Michigan Wolversemen,12,Semanto
2022,23,Playoffs,The Taste of Lavar's Balls,8,Jonathan,Away,610.0,920.0,0,1,Benâ€™s Sons,10,Benson
2022,24,Playoffs,The Taste of Lavar's Balls,8,Jonathan,Away,1087.0,674.0,1,0,Monjizl Wanker Lads,1,Frank
2022,1,Regular,Benâ€™s Sons,10,Benson,Away,987.0,1029.0,0,1,Michigan Wolversemen,12,Semanto
2022,2,Regular,Benâ€™s Sons,10,Benson,Home,1408.0,1306.0,1,0,The Taste of Lavar's Balls,8,Jonathan
2022,3,Regular,Benâ€™s Sons,10,Benson,Away,1540.0,1206.0,1,0,My Entire Team  Suggs,4,Paul
2022,4,Regular,Benâ€™s Sons,10,Benson,Home,1141.0,1147.0,0,1,Team nunu man ,6,Tahmeed
2022,5,Regular,Benâ€™s Sons,10,Benson,Away,1163.0,807.0,1,0,NYC Chopp Cheese,16,Allen
2022,6,Regular,Benâ€™s Sons,10,Benson,Away,1243.0,763.0,1,0,New Jersey Eren,2,Eren
2022,7,Regular,Benâ€™s Sons,10,Benson,Home,1354.0,1009.0,1,0,Monjizl Wanker Lads,1,Frank
2022,8,Regular,Benâ€™s Sons,10,Benson,Away,1252.0,1092.0,1,0,The Bronx Gangbangers,13,Arian
2022,9,Regular,Benâ€™s Sons,10,Benson,Home,717.0,1048.0,0,1,L-Eat Gang,11,Ibteda
2022,10,Regular,Benâ€™s Sons,10,Benson,Away,737.0,674.0,1,0,Who Invited This Kid?,7,Jooahn
2022,11,Regular,Benâ€™s Sons,10,Benson,Home,923.0,971.0,0,1,Fuck Kevin Garnett,5,Shayan
2022,12,Regular,Benâ€™s Sons,10,Benson,Home,1210.0,1450.0,0,1,Michigan Wolversemen,12,Semanto
2022,13,Regular,Benâ€™s Sons,10,Benson,Away,1290.0,935.0,1,0,The Taste of Lavar's Balls,8,Jonathan
2022,14,Regular,Benâ€™s Sons,10,Benson,Home,1185.0,1243.0,0,1,My Entire Team  Suggs,4,Paul
2022,15,Regular,Benâ€™s Sons,10,Benson,Away,1249.0,710.0,1,0,Team nunu man ,6,Tahmeed
2022,16,Regular,Benâ€™s Sons,10,Benson,Home,1135.0,1190.0,0,1,NYC Chopp Cheese,16,Allen
2022,17,Regular,Benâ€™s Sons,10,Benson,Away,1195.0,1195.0,0,1,New Jersey Eren,2,Eren
2022,18,Regular,Benâ€™s Sons,10,Benson,Home,1387.0,1803.0,0,1,Monjizl Wanker Lads,1,Frank
2022,19,Regular,Benâ€™s Sons,10,Benson,Away,1227.0,1397.0,0,1,The Bronx Gangbangers,13,Arian
2022,20,Regular,Benâ€™s Sons,10,Benson,Home,1270.0,1085.0,1,0,L-Eat Gang,11,Ibteda
2022,21,Regular,Benâ€™s Sons,10,Benson,Away,1152.0,1239.0,0,1,New Jersey Eren,2,Eren
2022,22,Playoffs,Benâ€™s Sons,10,Benson,Away,1134.0,1440.0,0,1,Who Invited This Kid?,7,Jooahn
2022,23,Playoffs,Benâ€™s Sons,10,Benson,Home,920.0,610.0,1,0,The Taste of Lavar's Balls,8,Jonathan
2022,24,Playoffs,Benâ€™s Sons,10,Benson,Away,415.0,1073.0,0,1,My Entire Team  Suggs,4,Paul
2022,1,Regular,L-Eat Gang,11,Ibteda,Away,1083.0,1069.0,1,0,Who Invited This Kid?,7,Jooahn
2022,2,Regular,L-Eat Gang,11,Ibteda,Home,1369.0,1457.0,0,1,Monjizl Wanker Lads,1,Frank
2022,3,Regular,L-Eat Gang,11,Ibteda,Home,1273.0,1257.0,1,0,New Jersey Eren,2,Eren
2022,4,Regular,L-Eat Gang,11,Ibteda,Away,1477.0,1238.0,1,0,Fuck Kevin Garnett,5,Shayan
2022,5,Regular,L-Eat Gang,11,Ibteda,Home,1268.0,1425.0,0,1,The Bronx Gangbangers,13,Arian
2022,6,Regular,L-Eat Gang,11,Ibteda,Home,1324.0,1322.0,1,0,My Entire Team  Suggs,4,Paul
2022,7,Regular,L-Eat Gang,11,Ibteda,Away,1261.0,1050.0,1,0,The Taste of Lavar's Balls,8,Jonathan
2022,8,Regular,L-Eat Gang,11,Ibteda,Home,1083.0,1459.0,0,1,Michigan Wolversemen,12,Semanto
2022,9,Regular,L-Eat Gang,11,Ibteda,Away,1048.0,717.0,1,0,Benâ€™s Sons,10,Benson
2022,10,Regular,L-Eat Gang,11,Ibteda,Home,1069.0,1019.0,1,0,NYC Chopp Cheese,16,Allen
2022,11,Regular,L-Eat Gang,11,Ibteda,Away,896.0,610.0,1,0,Team nunu man ,6,Tahmeed
2022,12,Regular,L-Eat Gang,11,Ibteda,Home,875.0,1304.0,0,1,Who Invited This Kid?,7,Jooahn
2022,13,Regular,L-Eat Gang,11,Ibteda,Away,814.0,1130.0,0,1,Monjizl Wanker Lads,1,Frank
2022,14,Regular,L-Eat Gang,11,Ibteda,Away,1096.0,1599.0,0,1,New Jersey Eren,2,Eren
2022,15,Regular,L-Eat Gang,11,Ibteda,Home,968.0,1180.0,0,1,Fuck Kevin Garnett,5,Shayan
2022,16,Regular,L-Eat Gang,11,Ibteda,Away,916.0,1459.0,0,1,The Bronx Gangbangers,13,Arian
2022,17,Regular,L-Eat Gang,11,Ibteda,Home,1143.0,1000.0,1,0,My Entire Team  Suggs,4,Paul
2022,18,Regular,L-Eat Gang,11,Ibteda,Away,1663.0,1280.0,1,0,The Taste of Lavar's Balls,8,Jonathan
2022,19,Regular,L-Eat Gang,11,Ibteda,Home,984.0,1285.0,0,1,Michigan Wolversemen,12,Semanto
2022,20,Regular,L-Eat Gang,11,Ibteda,Away,1085.0,1270.0,0,1,Benâ€™s Sons,10,Benson
2022,21,Regular,L-Eat Gang,11,Ibteda,Home,1016.0,877.0,1,0,Team nunu man ,6,Tahmeed
2022,22,Playoffs,L-Eat Gang,11,Ibteda,Away,1216.0,1170.0,1,0,Monjizl Wanker Lads,1,Frank
2022,23,Playoffs,L-Eat Gang,11,Ibteda,Away,1191.0,1430.0,0,1,Michigan Wolversemen,12,Semanto
2022,24,Playoffs,L-Eat Gang,11,Ibteda,Away,604.0,976.0,0,1,Who Invited This Kid?,7,Jooahn
2022,1,Regular,Michigan Wolversemen,12,Semanto,Home,1029.0,987.0,1,0,Benâ€™s Sons,10,Benson
2022,2,Regular,Michigan Wolversemen,12,Semanto,Away,1100.0,1039.0,1,0,My Entire Team  Suggs,4,Paul
2022,3,Regular,Michigan Wolversemen,12,Semanto,Home,1142.0,782.0,1,0,NYC Chopp Cheese,16,Allen
2022,4,Regular,Michigan Wolversemen,12,Semanto,Home,1212.0,1138.0,1,0,The Taste of Lavar's Balls,8,Jonathan
2022,5,Regular,Michigan Wolversemen,12,Semanto,Away,1097.0,1094.0,1,0,Team nunu man ,6,Tahmeed
2022,6,Regular,Michigan Wolversemen,12,Semanto,Away,1288.0,896.0,1,0,Monjizl Wanker Lads,1,Frank
2022,7,Regular,Michigan Wolversemen,12,Semanto,Home,1035.0,1200.0,0,1,The Bronx Gangbangers,13,Arian
2022,8,Regular,Michigan Wolversemen,12,Semanto,Away,1459.0,1083.0,1,0,L-Eat Gang,11,Ibteda
2022,9,Regular,Michigan Wolversemen,12,Semanto,Home,1113.0,902.0,1,0,Who Invited This Kid?,7,Jooahn
2022,10,Regular,Michigan Wolversemen,12,Semanto,Away,949.0,620.0,1,0,Fuck Kevin Garnett,5,Shayan
2022,11,Regular,Michigan Wolversemen,12,Semanto,Home,1120.0,1081.0,1,0,New Jersey Eren,2,Eren
2022,12,Regular,Michigan Wolversemen,12,Semanto,Away,1450.0,1210.0,1,0,Benâ€™s Sons,10,Benson
2022,13,Regular,Michigan Wolversemen,12,Semanto,Home,1204.0,1115.0,1,0,My Entire Team  Suggs,4,Paul
2022,14,Regular,Michigan Wolversemen,12,Semanto,Away,1311.0,1172.0,1,0,NYC Chopp Cheese,16,Allen
2022,15,Regular,Michigan Wolversemen,12,Semanto,Away,1416.0,545.0,1,0,The Taste of Lavar's Balls,8,Jonathan
2022,16,Regular,Michigan Wolversemen,12,Semanto,Home,1161.0,880.0,1,0,Team nunu man ,6,Tahmeed
2022,17,Regular,Michigan Wolversemen,12,Semanto,Away,1173.0,1186.0,0,1,Monjizl Wanker Lads,1,Frank
2022,18,Regular,Michigan Wolversemen,12,Semanto,Home,1548.0,1458.0,1,0,The Bronx Gangbangers,13,Arian
2022,19,Regular,Michigan Wolversemen,12,Semanto,Away,1285.0,984.0,1,0,L-Eat Gang,11,Ibteda
2022,20,Regular,Michigan Wolversemen,12,Semanto,Home,1262.0,1292.0,0,1,Who Invited This Kid?,7,Jooahn
2022,21,Regular,Michigan Wolversemen,12,Semanto,Away,1453.0,908.0,1,0,Fuck Kevin Garnett,5,Shayan
2022,22,Playoffs,Michigan Wolversemen,12,Semanto,Home,1234.0,1229.0,1,0,The Taste of Lavar's Balls,8,Jonathan
2022,23,Playoffs,Michigan Wolversemen,12,Semanto,Home,1430.0,1191.0,1,0,L-Eat Gang,11,Ibteda
2022,24,Playoffs,Michigan Wolversemen,12,Semanto,Home,1207.0,1467.0,0,1,New Jersey Eren,2,Eren
2022,1,Regular,The Bronx Gangbangers,13,Arian,Away,835.0,899.0,0,1,Fuck Kevin Garnett,5,Shayan
2022,2,Regular,The Bronx Gangbangers,13,Arian,Away,1267.0,1190.0,1,0,New Jersey Eren,2,Eren
2022,3,Regular,The Bronx Gangbangers,13,Arian,Home,1334.0,1451.0,0,1,Who Invited This Kid?,7,Jooahn
2022,4,Regular,The Bronx Gangbangers,13,Arian,Away,1648.0,1114.0,1,0,Monjizl Wanker Lads,1,Frank
2022,5,Regular,The Bronx Gangbangers,13,Arian,Away,1425.0,1268.0,1,0,L-Eat Gang,11,Ibteda
2022,6,Regular,The Bronx Gangbangers,13,Arian,Home,1140.0,1218.0,0,1,The Taste of Lavar's Balls,8,Jonathan
2022,7,Regular,The Bronx Gangbangers,13,Arian,Away,1200.0,1035.0,1,0,Michigan Wolversemen,12,Semanto
2022,8,Regular,The Bronx Gangbangers,13,Arian,Home,1092.0,1252.0,0,1,Benâ€™s Sons,10,Benson
2022,9,Regular,The Bronx Gangbangers,13,Arian,Away,757.0,783.0,0,1,NYC Chopp Cheese,16,Allen
2022,10,Regular,The Bronx Gangbangers,13,Arian,Home,586.0,765.0,0,1,Team nunu man ,6,Tahmeed
2022,11,Regular,The Bronx Gangbangers,13,Arian,Away,930.0,1081.0,0,1,My Entire Team  Suggs,4,Paul
2022,12,Regular,The Bronx Gangbangers,13,Arian,Home,1166.0,1106.0,1,0,Fuck Kevin Garnett,5,Shayan
2022,13,Regular,The Bronx Gangbangers,13,Arian,Home,871.0,1397.0,0,1,New Jersey Eren,2,Eren
2022,14,Regular,The Bronx Gangbangers,13,Arian,Away,1059.0,1285.0,0,1,Who Invited This Kid?,7,Jooahn
2022,15,Regular,The Bronx Gangbangers,13,Arian,Home,1147.0,1269.0,0,1,Monjizl Wanker Lads,1,Frank
2022,16,Regular,The Bronx Gangbangers,13,Arian,Home,1459.0,916.0,1,0,L-Eat Gang,11,Ibteda
2022,17,Regular,The Bronx Gangbangers,13,Arian,Home,1256.0,1108.0,1,0,The Taste of Lavar's Balls,8,Jonathan
2022,18,Regular,The Bronx Gangbangers,13,Arian,Away,1458.0,1548.0,0,1,Michigan Wolversemen,12,Semanto
2022,19,Regular,The Bronx Gangbangers,13,Arian,Home,1397.0,1227.0,1,0,Benâ€™s Sons,10,Benson
2022,20,Regular,The Bronx Gangbangers,13,Arian,Away,1455.0,1314.0,1,0,NYC Chopp Cheese,16,Allen
2022,21,Regular,The Bronx Gangbangers,13,Arian,Home,1048.0,1154.0,0,1,The Taste of Lavar's Balls,8,Jonathan
2022,22,Playoffs,The Bronx Gangbangers,13,Arian,Home,76.0,798.0,0,1,Fuck Kevin Garnett,5,Shayan
2022,23,Playoffs,The Bronx Gangbangers,13,Arian,Home,0.0,976.0,0,1,NYC Chopp Cheese,16,Allen
2022,24,Playoffs,The Bronx Gangbangers,13,Arian,Home,0.0,745.0,0,1,Team nunu man ,6,Tahmeed
2022,1,Regular,NYC Chopp Cheese,16,Allen,Home,676.0,1034.0,0,1,The Taste of Lavar's Balls,8,Jonathan
2022,2,Regular,NYC Chopp Cheese,16,Allen,Away,876.0,1421.0,0,1,Team nunu man ,6,Tahmeed
2022,3,Regular,NYC Chopp Cheese,16,Allen,Away,782.0,1142.0,0,1,Michigan Wolversemen,12,Semanto
2022,4,Regular,NYC Chopp Cheese,16,Allen,Home,1056.0,1229.0,0,1,My Entire Team  Suggs,4,Paul
2022,5,Regular,NYC Chopp Cheese,16,Allen,Home,807.0,1163.0,0,1,Benâ€™s Sons,10,Benson
2022,6,Regular,NYC Chopp Cheese,16,Allen,Away,892.0,972.0,0,1,Fuck Kevin Garnett,5,Shayan
2022,7,Regular,NYC Chopp Cheese,16,Allen,Home,617.0,1049.0,0,1,New Jersey Eren,2,Eren
2022,8,Regular,NYC Chopp Cheese,16,Allen,Away,731.0,1048.0,0,1,Monjizl Wanker Lads,1,Frank
2022,9,Regular,NYC Chopp Cheese,16,Allen,Home,783.0,757.0,1,0,The Bronx Gangbangers,13,Arian
2022,10,Regular,NYC Chopp Cheese,16,Allen,Away,1019.0,1069.0,0,1,L-Eat Gang,11,Ibteda
2022,11,Regular,NYC Chopp Cheese,16,Allen,Home,885.0,1170.0,0,1,Who Invited This Kid?,7,Jooahn
2022,12,Regular,NYC Chopp Cheese,16,Allen,Away,1101.0,1236.0,0,1,The Taste of Lavar's Balls,8,Jonathan
2022,13,Regular,NYC Chopp Cheese,16,Allen,Home,1106.0,988.0,1,0,Team nunu man ,6,Tahmeed
2022,14,Regular,NYC Chopp Cheese,16,Allen,Home,1172.0,1311.0,0,1,Michigan Wolversemen,12,Semanto
2022,15,Regular,NYC Chopp Cheese,16,Allen,Away,1003.0,1099.0,0,1,My Entire Team  Suggs,4,Paul
2022,16,Regular,NYC Chopp Cheese,16,Allen,Away,1190.0,1135.0,1,0,Benâ€™s Sons,10,Benson
2022,17,Regular,NYC Chopp Cheese,16,Allen,Away,1060.0,1005.0,1,0,Fuck Kevin Garnett,5,Shayan
2022,18,Regular,NYC Chopp Cheese,16,Allen,Home,1212.0,1294.0,0,1,New Jersey Eren,2,Eren
2022,19,Regular,NYC Chopp Cheese,16,Allen,Away,1143.0,1207.0,0,1,Monjizl Wanker Lads,1,Frank
2022,20,Regular,NYC Chopp Cheese,16,Allen,Home,1314.0,1455.0,0,1,The Bronx Gangbangers,13,Arian
2022,21,Regular,NYC Chopp Cheese,16,Allen,Away,920.0,989.0,0,1,Monjizl Wanker Lads,1,Frank
2022,22,Playoffs,NYC Chopp Cheese,16,Allen,Away,620.0,902.0,0,1,Team nunu man ,6,Tahmeed
2022,23,Playoffs,NYC Chopp Cheese,16,Allen,Away,976.0,0.0,1,0,The Bronx Gangbangers,13,Arian
2022,24,Playoffs,NYC Chopp Cheese,16,Allen,Away,903.0,763.0,1,0,Fuck Kevin Garnett,5,Shayan
2023,1,Regular,Keegan It Real,1,Frank,Home,1118.0,1242.0,0,1,Team Chigga,5,Johnson
2023,2,Regular,Keegan It Real,1,Frank,Home,1315.0,1456.0,0,1,New Jersey Eren,2,Eren
2023,3,Regular,Keegan It Real,1,Frank,Away,1150.0,1164.0,0,1,Who Invited This Kid?,7,Jooahn
2023,4,Regular,Keegan It Real,1,Frank,Home,1475.0,1287.0,1,0,NY L-Eat Gang,10,Ibteda
2023,5,Regular,Keegan It Real,1,Frank,Home,1243.0,1225.0,1,0,The Bronx Orthodox Church,13,Arian
2023,6,Regular,Keegan It Real,1,Frank,Away,1269.0,1557.0,0,1,Fordham Rams,16,Allen
2023,7,Regular,Keegan It Real,1,Frank,Home,1424.0,1612.0,0,1,Paulie Gee's,8,Jonathan
2023,8,Regular,Keegan It Real,1,Frank,Away,942.0,1390.0,0,1,I Watch Basketbal,17,Luke
2023,9,Regular,Keegan It Real,1,Frank,Away,1107.0,1481.0,0,1,The Bronx Orthodox Church,13,Arian
2023,10,Regular,Keegan It Real,1,Frank,Away,940.0,1195.0,0,1,Team Chigga,5,Johnson
2023,11,Regular,Keegan It Real,1,Frank,Away,1159.0,1396.0,0,1,New Jersey Eren,2,Eren
2023,12,Regular,Keegan It Real,1,Frank,Home,1127.0,1722.0,0,1,Who Invited This Kid?,7,Jooahn
2023,13,Regular,Keegan It Real,1,Frank,Home,1484.0,1117.0,1,0,Pooh Shaisty,12,Semanto
2023,14,Regular,Keegan It Real,1,Frank,Away,0.0,1134.0,0,1,NY L-Eat Gang,10,Ibteda
2023,15,Regular,Keegan It Real,1,Frank,Home,1219.0,1598.0,0,1,Fordham Rams,16,Allen
2023,16,Regular,Keegan It Real,1,Frank,Away,1450.0,712.0,1,0,Paulie Gee's,8,Jonathan
2023,17,Regular,Keegan It Real,1,Frank,Home,1348.0,1127.0,1,0,I Watch Basketbal,17,Luke
2023,18,Regular,Keegan It Real,1,Frank,Away,1371.0,1940.0,0,1,Pooh Shaisty,12,Semanto
2023,19,Regular,Keegan It Real,1,Frank,Home,998.0,1301.0,0,1,NY L-Eat Gang,10,Ibteda
2023,20,Regular,Keegan It Real,1,Frank,Away,917.0,1492.0,0,1,Fordham Rams,16,Allen
2023,21,Regular,Keegan It Real,1,Frank,Home,856.0,1131.0,0,1,Paulie Gee's,8,Jonathan
2023,22,Playoffs,Keegan It Real,1,Frank,Away,1173.0,477.0,1,0,NY L-Eat Gang,10,Ibteda
2023,23,Playoffs,Keegan It Real,1,Frank,Away,1314.0,1259.0,1,0,Who Invited This Kid?,7,Jooahn
2023,24,Playoffs,Keegan It Real,1,Frank,Away,795.0,1000.0,0,1,I Watch Basketbal,17,Luke
2023,1,Regular,New Jersey Eren,2,Eren,Home,1409.0,986.0,1,0,Who Invited This Kid?,7,Jooahn
2023,2,Regular,New Jersey Eren,2,Eren,Away,1456.0,1315.0,1,0,Keegan It Real,1,Frank
2023,3,Regular,New Jersey Eren,2,Eren,Away,1334.0,1218.0,1,0,The Bronx Orthodox Church,13,Arian
2023,4,Regular,New Jersey Eren,2,Eren,Home,1405.0,1468.0,0,1,Team Chigga,5,Johnson
2023,5,Regular,New Jersey Eren,2,Eren,Home,1143.0,1276.0,0,1,Pooh Shaisty,12,Semanto
2023,6,Regular,New Jersey Eren,2,Eren,Away,1355.0,1041.0,1,0,NY L-Eat Gang,10,Ibteda
2023,7,Regular,New Jersey Eren,2,Eren,Home,1424.0,1492.0,0,1,Fordham Rams,16,Allen
2023,8,Regular,New Jersey Eren,2,Eren,Away,1185.0,1210.0,0,1,Paulie Gee's,8,Jonathan
2023,9,Regular,New Jersey Eren,2,Eren,Home,1350.0,1179.0,1,0,I Watch Basketbal,17,Luke
2023,10,Regular,New Jersey Eren,2,Eren,Away,1505.0,1430.0,1,0,Who Invited This Kid?,7,Jooahn
2023,11,Regular,New Jersey Eren,2,Eren,Home,1396.0,1159.0,1,0,Keegan It Real,1,Frank
2023,12,Regular,New Jersey Eren,2,Eren,Home,1458.0,1349.0,1,0,The Bronx Orthodox Church,13,Arian
2023,13,Regular,New Jersey Eren,2,Eren,Away,1201.0,1557.0,0,1,Team Chigga,5,Johnson
2023,14,Regular,New Jersey Eren,2,Eren,Away,1656.0,1444.0,1,0,Pooh Shaisty,12,Semanto
2023,15,Regular,New Jersey Eren,2,Eren,Home,1627.0,1108.0,1,0,NY L-Eat Gang,10,Ibteda
2023,16,Regular,New Jersey Eren,2,Eren,Away,1640.0,1531.0,1,0,Fordham Rams,16,Allen
2023,17,Regular,New Jersey Eren,2,Eren,Home,1530.0,1419.0,1,0,Paulie Gee's,8,Jonathan
2023,18,Regular,New Jersey Eren,2,Eren,Away,1606.0,1408.0,1,0,I Watch Basketbal,17,Luke
2023,19,Regular,New Jersey Eren,2,Eren,Home,1838.0,1365.0,1,0,Pooh Shaisty,12,Semanto
2023,20,Regular,New Jersey Eren,2,Eren,Away,1508.0,868.0,1,0,NY L-Eat Gang,10,Ibteda
2023,21,Regular,New Jersey Eren,2,Eren,Home,1802.0,1674.0,1,0,Fordham Rams,16,Allen
2023,22,Playoffs,New Jersey Eren,2,Eren,Home,1560.0,1276.0,1,0,Pooh Shaisty,12,Semanto
2023,23,Playoffs,New Jersey Eren,2,Eren,Home,1244.0,1241.0,1,0,Fordham Rams,16,Allen
2023,1,Regular,Team Chigga,5,Johnson,Away,1242.0,1118.0,1,0,Keegan It Real,1,Frank
2023,2,Regular,Team Chigga,5,Johnson,Home,1497.0,1624.0,0,1,The Bronx Orthodox Church,13,Arian
2023,3,Regular,Team Chigga,5,Johnson,Home,1599.0,1416.0,1,0,Fordham Rams,16,Allen
2023,4,Regular,Team Chigga,5,Johnson,Away,1468.0,1405.0,1,0,New Jersey Eren,2,Eren
2023,5,Regular,Team Chigga,5,Johnson,Home,1312.0,810.0,1,0,Who Invited This Kid?,7,Jooahn
2023,6,Regular,Team Chigga,5,Johnson,Away,1239.0,1333.0,0,1,Paulie Gee's,8,Jonathan
2023,7,Regular,Team Chigga,5,Johnson,Home,1430.0,1345.0,1,0,I Watch Basketbal,17,Luke
2023,8,Regular,Team Chigga,5,Johnson,Away,1538.0,1430.0,1,0,Pooh Shaisty,12,Semanto
2023,9,Regular,Team Chigga,5,Johnson,Away,1283.0,1394.0,0,1,Who Invited This Kid?,7,Jooahn
2023,10,Regular,Team Chigga,5,Johnson,Home,1195.0,940.0,1,0,Keegan It Real,1,Frank
2023,11,Regular,Team Chigga,5,Johnson,Away,1766.0,1591.0,1,0,The Bronx Orthodox Church,13,Arian
2023,12,Regular,Team Chigga,5,Johnson,Home,1511.0,1170.0,1,0,NY L-Eat Gang,10,Ibteda
2023,13,Regular,Team Chigga,5,Johnson,Home,1557.0,1201.0,1,0,New Jersey Eren,2,Eren
2023,14,Regular,Team Chigga,5,Johnson,Away,1300.0,1430.0,0,1,Fordham Rams,16,Allen
2023,15,Regular,Team Chigga,5,Johnson,Home,1441.0,1436.0,1,0,Paulie Gee's,8,Jonathan
2023,16,Regular,Team Chigga,5,Johnson,Away,1278.0,1486.0,0,1,I Watch Basketbal,17,Luke
2023,17,Regular,Team Chigga,5,Johnson,Home,1598.0,1451.0,1,0,Pooh Shaisty,12,Semanto
2023,18,Regular,Team Chigga,5,Johnson,Away,1901.0,1280.0,1,0,NY L-Eat Gang,10,Ibteda
2023,19,Regular,Team Chigga,5,Johnson,Home,1408.0,1824.0,0,1,Fordham Rams,16,Allen
2023,20,Regular,Team Chigga,5,Johnson,Away,1307.0,1209.0,1,0,Paulie Gee's,8,Jonathan
2023,21,Regular,Team Chigga,5,Johnson,Home,1418.0,1349.0,1,0,I Watch Basketbal,17,Luke
2023,22,Playoffs,Team Chigga,5,Johnson,Home,1413.0,1569.0,0,1,Fordham Rams,16,Allen
2023,23,Playoffs,Team Chigga,5,Johnson,Home,1184.0,1364.0,0,1,The Bronx Orthodox Church,13,Arian
2023,24,Playoffs,Team Chigga,5,Johnson,Home,1033.0,814.0,1,0,The Bronx Orthodox Church,13,Arian
2023,1,Regular,Who Invited This Kid?,7,Jooahn,Away,986.0,1409.0,0,1,New Jersey Eren,2,Eren
2023,2,Regular,Who Invited This Kid?,7,Jooahn,Home,1321.0,1492.0,0,1,Paulie Gee's,8,Jonathan
2023,3,Regular,Who Invited This Kid?,7,Jooahn,Home,1164.0,1150.0,1,0,Keegan It Real,1,Frank
2023,4,Regular,Who Invited This Kid?,7,Jooahn,Away,1055.0,1604.0,0,1,The Bronx Orthodox Church,13,Arian
2023,5,Regular,Who Invited This Kid?,7,Jooahn,Away,810.0,1312.0,0,1,Team Chigga,5,Johnson
2023,6,Regular,Who Invited This Kid?,7,Jooahn,Away,1017.0,1139.0,0,1,I Watch Basketbal,17,Luke
2023,7,Regular,Who Invited This Kid?,7,Jooahn,Home,1464.0,1324.0,1,0,Pooh Shaisty,12,Semanto
2023,8,Regular,Who Invited This Kid?,7,Jooahn,Away,1322.0,1434.0,0,1,NY L-Eat Gang,10,Ibteda
2023,9,Regular,Who Invited This Kid?,7,Jooahn,Home,1394.0,1283.0,1,0,Team Chigga,5,Johnson
2023,10,Regular,Who Invited This Kid?,7,Jooahn,Home,1430.0,1505.0,0,1,New Jersey Eren,2,Eren
2023,11,Regular,Who Invited This Kid?,7,Jooahn,Home,1492.0,1594.0,0,1,Fordham Rams,16,Allen
2023,12,Regular,Who Invited This Kid?,7,Jooahn,Away,1722.0,1127.0,1,0,Keegan It Real,1,Frank
2023,13,Regular,Who Invited This Kid?,7,Jooahn,Home,1894.0,1563.0,1,0,The Bronx Orthodox Church,13,Arian
2023,14,Regular,Who Invited This Kid?,7,Jooahn,Away,1300.0,1587.0,0,1,Paulie Gee's,8,Jonathan
2023,15,Regular,Who Invited This Kid?,7,Jooahn,Home,1151.0,1532.0,0,1,I Watch Basketbal,17,Luke
2023,16,Regular,Who Invited This Kid?,7,Jooahn,Away,1419.0,1401.0,1,0,Pooh Shaisty,12,Semanto
2023,17,Regular,Who Invited This Kid?,7,Jooahn,Home,1346.0,1337.0,1,0,NY L-Eat Gang,10,Ibteda
2023,18,Regular,Who Invited This Kid?,7,Jooahn,Away,1948.0,1442.0,1,0,Fordham Rams,16,Allen
2023,19,Regular,Who Invited This Kid?,7,Jooahn,Home,1256.0,1445.0,0,1,Paulie Gee's,8,Jonathan
2023,20,Regular,Who Invited This Kid?,7,Jooahn,Away,1337.0,648.0,1,0,I Watch Basketbal,17,Luke
2023,21,Regular,Who Invited This Kid?,7,Jooahn,Home,1457.0,1568.0,0,1,Pooh Shaisty,12,Semanto
2023,22,Playoffs,Who Invited This Kid?,7,Jooahn,Home,1119.0,1013.0,1,0,I Watch Basketbal,17,Luke
2023,23,Playoffs,Who Invited This Kid?,7,Jooahn,Home,1259.0,1314.0,0,1,Keegan It Real,1,Frank
2023,24,Playoffs,Who Invited This Kid?,7,Jooahn,Home,1048.0,236.0,1,0,NY L-Eat Gang,10,Ibteda
2023,1,Regular,Paulie Gee's,8,Jonathan,Away,1226.0,1098.0,1,0,Pooh Shaisty,12,Semanto
2023,2,Regular,Paulie Gee's,8,Jonathan,Away,1492.0,1321.0,1,0,Who Invited This Kid?,7,Jooahn
2023,3,Regular,Paulie Gee's,8,Jonathan,Home,1386.0,1089.0,1,0,NY L-Eat Gang,10,Ibteda
2023,4,Regular,Paulie Gee's,8,Jonathan,Away,1596.0,1265.0,1,0,I Watch Basketbal,17,Luke
2023,5,Regular,Paulie Gee's,8,Jonathan,Away,1305.0,1257.0,1,0,Fordham Rams,16,Allen
2023,6,Regular,Paulie Gee's,8,Jonathan,Home,1333.0,1239.0,1,0,Team Chigga,5,Johnson
2023,7,Regular,Paulie Gee's,8,Jonathan,Away,1612.0,1424.0,1,0,Keegan It Real,1,Frank
2023,8,Regular,Paulie Gee's,8,Jonathan,Home,1210.0,1185.0,1,0,New Jersey Eren,2,Eren
2023,9,Regular,Paulie Gee's,8,Jonathan,Home,1202.0,1233.0,0,1,Pooh Shaisty,12,Semanto
2023,10,Regular,Paulie Gee's,8,Jonathan,Away,1116.0,1248.0,0,1,The Bronx Orthodox Church,13,Arian
2023,11,Regular,Paulie Gee's,8,Jonathan,Away,1612.0,1422.0,1,0,NY L-Eat Gang,10,Ibteda
2023,12,Regular,Paulie Gee's,8,Jonathan,Home,1492.0,1305.0,1,0,I Watch Basketbal,17,Luke
2023,13,Regular,Paulie Gee's,8,Jonathan,Home,707.0,1405.0,0,1,Fordham Rams,16,Allen
2023,14,Regular,Paulie Gee's,8,Jonathan,Home,1587.0,1300.0,1,0,Who Invited This Kid?,7,Jooahn
2023,15,Regular,Paulie Gee's,8,Jonathan,Away,1436.0,1441.0,0,1,Team Chigga,5,Johnson
2023,16,Regular,Paulie Gee's,8,Jonathan,Home,712.0,1450.0,0,1,Keegan It Real,1,Frank
2023,17,Regular,Paulie Gee's,8,Jonathan,Away,1419.0,1530.0,0,1,New Jersey Eren,2,Eren
2023,18,Regular,Paulie Gee's,8,Jonathan,Home,1265.0,1916.0,0,1,The Bronx Orthodox Church,13,Arian
2023,19,Regular,Paulie Gee's,8,Jonathan,Away,1445.0,1256.0,1,0,Who Invited This Kid?,7,Jooahn
2023,20,Regular,Paulie Gee's,8,Jonathan,Home,1209.0,1307.0,0,1,Team Chigga,5,Johnson
2023,21,Regular,Paulie Gee's,8,Jonathan,Away,1131.0,856.0,1,0,Keegan It Real,1,Frank
2023,22,Playoffs,Paulie Gee's,8,Jonathan,Home,1448.0,1760.0,0,1,Fordham Rams,16,Allen
2023,23,Playoffs,Paulie Gee's,8,Jonathan,Home,752.0,1125.0,0,1,Pooh Shaisty,12,Semanto
2023,1,Regular,NY L-Eat Gang,10,Ibteda,Home,1288.0,1216.0,1,0,Fordham Rams,16,Allen
2023,2,Regular,NY L-Eat Gang,10,Ibteda,Home,1502.0,1653.0,0,1,Pooh Shaisty,12,Semanto
2023,3,Regular,NY L-Eat Gang,10,Ibteda,Away,1089.0,1386.0,0,1,Paulie Gee's,8,Jonathan
2023,4,Regular,NY L-Eat Gang,10,Ibteda,Away,1287.0,1475.0,0,1,Keegan It Real,1,Frank
2023,5,Regular,NY L-Eat Gang,10,Ibteda,Home,1377.0,1422.0,0,1,I Watch Basketbal,17,Luke
2023,6,Regular,NY L-Eat Gang,10,Ibteda,Home,1041.0,1355.0,0,1,New Jersey Eren,2,Eren
2023,7,Regular,NY L-Eat Gang,10,Ibteda,Away,978.0,1743.0,0,1,The Bronx Orthodox Church,13,Arian
2023,8,Regular,NY L-Eat Gang,10,Ibteda,Home,1434.0,1322.0,1,0,Who Invited This Kid?,7,Jooahn
2023,9,Regular,NY L-Eat Gang,10,Ibteda,Away,1513.0,1424.0,1,0,Fordham Rams,16,Allen
2023,10,Regular,NY L-Eat Gang,10,Ibteda,Away,1211.0,1380.0,0,1,Pooh Shaisty,12,Semanto
2023,11,Regular,NY L-Eat Gang,10,Ibteda,Home,1422.0,1612.0,0,1,Paulie Gee's,8,Jonathan
2023,12,Regular,NY L-Eat Gang,10,Ibteda,Away,1170.0,1511.0,0,1,Team Chigga,5,Johnson
2023,13,Regular,NY L-Eat Gang,10,Ibteda,Away,1052.0,1277.0,0,1,I Watch Basketbal,17,Luke
2023,14,Regular,NY L-Eat Gang,10,Ibteda,Home,1134.0,0.0,1,0,Keegan It Real,1,Frank
2023,15,Regular,NY L-Eat Gang,10,Ibteda,Away,1108.0,1627.0,0,1,New Jersey Eren,2,Eren
2023,16,Regular,NY L-Eat Gang,10,Ibteda,Home,1681.0,1530.0,1,0,The Bronx Orthodox Church,13,Arian
2023,17,Regular,NY L-Eat Gang,10,Ibteda,Away,1337.0,1346.0,0,1,Who Invited This Kid?,7,Jooahn
2023,18,Regular,NY L-Eat Gang,10,Ibteda,Home,1280.0,1901.0,0,1,Team Chigga,5,Johnson
2023,19,Regular,NY L-Eat Gang,10,Ibteda,Away,1301.0,998.0,1,0,Keegan It Real,1,Frank
2023,20,Regular,NY L-Eat Gang,10,Ibteda,Home,868.0,1508.0,0,1,New Jersey Eren,2,Eren
2023,21,Regular,NY L-Eat Gang,10,Ibteda,Away,688.0,1227.0,0,1,The Bronx Orthodox Church,13,Arian
2023,22,Playoffs,NY L-Eat Gang,10,Ibteda,Home,477.0,1173.0,0,1,Keegan It Real,1,Frank
2023,23,Playoffs,NY L-Eat Gang,10,Ibteda,Away,340.0,1286.0,0,1,I Watch Basketbal,17,Luke
2023,24,Playoffs,NY L-Eat Gang,10,Ibteda,Away,236.0,1048.0,0,1,Who Invited This Kid?,7,Jooahn
2023,1,Regular,Pooh Shaisty,12,Semanto,Home,1098.0,1226.0,0,1,Paulie Gee's,8,Jonathan
2023,2,Regular,Pooh Shaisty,12,Semanto,Away,1653.0,1502.0,1,0,NY L-Eat Gang,10,Ibteda
2023,3,Regular,Pooh Shaisty,12,Semanto,Away,1476.0,1253.0,1,0,I Watch Basketbal,17,Luke
2023,4,Regular,Pooh Shaisty,12,Semanto,Home,1528.0,1320.0,1,0,Fordham Rams,16,Allen
2023,5,Regular,Pooh Shaisty,12,Semanto,Away,1276.0,1143.0,1,0,New Jersey Eren,2,Eren
2023,6,Regular,Pooh Shaisty,12,Semanto,Home,1802.0,1440.0,1,0,The Bronx Orthodox Church,13,Arian
2023,7,Regular,Pooh Shaisty,12,Semanto,Away,1324.0,1464.0,0,1,Who Invited This Kid?,7,Jooahn
2023,8,Regular,Pooh Shaisty,12,Semanto,Home,1430.0,1538.0,0,1,Team Chigga,5,Johnson
2023,9,Regular,Pooh Shaisty,12,Semanto,Away,1233.0,1202.0,1,0,Paulie Gee's,8,Jonathan
2023,10,Regular,Pooh Shaisty,12,Semanto,Home,1380.0,1211.0,1,0,NY L-Eat Gang,10,Ibteda
2023,11,Regular,Pooh Shaisty,12,Semanto,Home,1500.0,1264.0,1,0,I Watch Basketbal,17,Luke
2023,12,Regular,Pooh Shaisty,12,Semanto,Away,1755.0,1750.0,1,0,Fordham Rams,16,Allen
2023,13,Regular,Pooh Shaisty,12,Semanto,Away,1117.0,1484.0,0,1,Keegan It Real,1,Frank
2023,14,Regular,Pooh Shaisty,12,Semanto,Home,1444.0,1656.0,0,1,New Jersey Eren,2,Eren
2023,15,Regular,Pooh Shaisty,12,Semanto,Away,1458.0,1197.0,1,0,The Bronx Orthodox Church,13,Arian
2023,16,Regular,Pooh Shaisty,12,Semanto,Home,1401.0,1419.0,0,1,Who Invited This Kid?,7,Jooahn
2023,17,Regular,Pooh Shaisty,12,Semanto,Away,1451.0,1598.0,0,1,Team Chigga,5,Johnson
2023,18,Regular,Pooh Shaisty,12,Semanto,Home,1940.0,1371.0,1,0,Keegan It Real,1,Frank
2023,19,Regular,Pooh Shaisty,12,Semanto,Away,1365.0,1838.0,0,1,New Jersey Eren,2,Eren
2023,20,Regular,Pooh Shaisty,12,Semanto,Home,1341.0,1503.0,0,1,The Bronx Orthodox Church,13,Arian
2023,21,Regular,Pooh Shaisty,12,Semanto,Away,1568.0,1457.0,1,0,Who Invited This Kid?,7,Jooahn
2023,22,Playoffs,Pooh Shaisty,12,Semanto,Home,1459.0,1354.0,1,0,The Bronx Orthodox Church,13,Arian
2023,23,Playoffs,Pooh Shaisty,12,Semanto,Away,1276.0,1560.0,0,1,New Jersey Eren,2,Eren
2023,24,Playoffs,Pooh Shaisty,12,Semanto,Away,1125.0,752.0,1,0,Paulie Gee's,8,Jonathan
2023,1,Regular,The Bronx Orthodox Church,13,Arian,Home,1261.0,1121.0,1,0,I Watch Basketbal,17,Luke
2023,2,Regular,The Bronx Orthodox Church,13,Arian,Away,1624.0,1497.0,1,0,Team Chigga,5,Johnson
2023,3,Regular,The Bronx Orthodox Church,13,Arian,Home,1218.0,1334.0,0,1,New Jersey Eren,2,Eren
2023,4,Regular,The Bronx Orthodox Church,13,Arian,Home,1604.0,1055.0,1,0,Who Invited This Kid?,7,Jooahn
2023,5,Regular,The Bronx Orthodox Church,13,Arian,Away,1225.0,1243.0,0,1,Keegan It Real,1,Frank
2023,6,Regular,The Bronx Orthodox Church,13,Arian,Away,1440.0,1802.0,0,1,Pooh Shaisty,12,Semanto
2023,7,Regular,The Bronx Orthodox Church,13,Arian,Home,1743.0,978.0,1,0,NY L-Eat Gang,10,Ibteda
2023,8,Regular,The Bronx Orthodox Church,13,Arian,Away,1403.0,1485.0,0,1,Fordham Rams,16,Allen
2023,9,Regular,The Bronx Orthodox Church,13,Arian,Home,1481.0,1107.0,1,0,Keegan It Real,1,Frank
2023,10,Regular,The Bronx Orthodox Church,13,Arian,Home,1248.0,1116.0,1,0,Paulie Gee's,8,Jonathan
2023,11,Regular,The Bronx Orthodox Church,13,Arian,Home,1591.0,1766.0,0,1,Team Chigga,5,Johnson
2023,12,Regular,The Bronx Orthodox Church,13,Arian,Away,1349.0,1458.0,0,1,New Jersey Eren,2,Eren
2023,13,Regular,The Bronx Orthodox Church,13,Arian,Away,1563.0,1894.0,0,1,Who Invited This Kid?,7,Jooahn
2023,14,Regular,The Bronx Orthodox Church,13,Arian,Away,1423.0,1425.0,0,1,I Watch Basketbal,17,Luke
2023,15,Regular,The Bronx Orthodox Church,13,Arian,Home,1197.0,1458.0,0,1,Pooh Shaisty,12,Semanto
2023,16,Regular,The Bronx Orthodox Church,13,Arian,Away,1530.0,1681.0,0,1,NY L-Eat Gang,10,Ibteda
2023,17,Regular,The Bronx Orthodox Church,13,Arian,Home,1268.0,1232.0,1,0,Fordham Rams,16,Allen
2023,18,Regular,The Bronx Orthodox Church,13,Arian,Away,1916.0,1265.0,1,0,Paulie Gee's,8,Jonathan
2023,19,Regular,The Bronx Orthodox Church,13,Arian,Home,1411.0,709.0,1,0,I Watch Basketbal,17,Luke
2023,20,Regular,The Bronx Orthodox Church,13,Arian,Away,1503.0,1341.0,1,0,Pooh Shaisty,12,Semanto
2023,21,Regular,The Bronx Orthodox Church,13,Arian,Home,1227.0,688.0,1,0,NY L-Eat Gang,10,Ibteda
2023,22,Playoffs,The Bronx Orthodox Church,13,Arian,Away,1354.0,1459.0,0,1,Pooh Shaisty,12,Semanto
2023,23,Playoffs,The Bronx Orthodox Church,13,Arian,Away,1364.0,1184.0,1,0,Team Chigga,5,Johnson
2023,24,Playoffs,The Bronx Orthodox Church,13,Arian,Away,814.0,1033.0,0,1,Team Chigga,5,Johnson
2023,1,Regular,Fordham Rams,16,Allen,Away,1216.0,1288.0,0,1,NY L-Eat Gang,10,Ibteda
2023,2,Regular,Fordham Rams,16,Allen,Home,1411.0,1411.0,0,1,I Watch Basketbal,17,Luke
2023,3,Regular,Fordham Rams,16,Allen,Away,1416.0,1599.0,0,1,Team Chigga,5,Johnson
2023,4,Regular,Fordham Rams,16,Allen,Away,1320.0,1528.0,0,1,Pooh Shaisty,12,Semanto
2023,5,Regular,Fordham Rams,16,Allen,Home,1257.0,1305.0,0,1,Paulie Gee's,8,Jonathan
2023,6,Regular,Fordham Rams,16,Allen,Home,1557.0,1269.0,1,0,Keegan It Real,1,Frank
2023,7,Regular,Fordham Rams,16,Allen,Away,1492.0,1424.0,1,0,New Jersey Eren,2,Eren
2023,8,Regular,Fordham Rams,16,Allen,Home,1485.0,1403.0,1,0,The Bronx Orthodox Church,13,Arian
2023,9,Regular,Fordham Rams,16,Allen,Home,1424.0,1513.0,0,1,NY L-Eat Gang,10,Ibteda
2023,10,Regular,Fordham Rams,16,Allen,Away,1156.0,1066.0,1,0,I Watch Basketbal,17,Luke
2023,11,Regular,Fordham Rams,16,Allen,Away,1594.0,1492.0,1,0,Who Invited This Kid?,7,Jooahn
2023,12,Regular,Fordham Rams,16,Allen,Home,1750.0,1755.0,0,1,Pooh Shaisty,12,Semanto
2023,13,Regular,Fordham Rams,16,Allen,Away,1405.0,707.0,1,0,Paulie Gee's,8,Jonathan
2023,14,Regular,Fordham Rams,16,Allen,Home,1430.0,1300.0,1,0,Team Chigga,5,Johnson
2023,15,Regular,Fordham Rams,16,Allen,Away,1598.0,1219.0,1,0,Keegan It Real,1,Frank
2023,16,Regular,Fordham Rams,16,Allen,Home,1531.0,1640.0,0,1,New Jersey Eren,2,Eren
2023,17,Regular,Fordham Rams,16,Allen,Away,1232.0,1268.0,0,1,The Bronx Orthodox Church,13,Arian
2023,18,Regular,Fordham Rams,16,Allen,Home,1442.0,1948.0,0,1,Who Invited This Kid?,7,Jooahn
2023,19,Regular,Fordham Rams,16,Allen,Away,1824.0,1408.0,1,0,Team Chigga,5,Johnson
2023,20,Regular,Fordham Rams,16,Allen,Home,1492.0,917.0,1,0,Keegan It Real,1,Frank
2023,21,Regular,Fordham Rams,16,Allen,Away,1674.0,1802.0,0,1,New Jersey Eren,2,Eren
2023,22,Playoffs,Fordham Rams,16,Allen,Away,1569.0,1413.0,1,0,Team Chigga,5,Johnson
2023,23,Playoffs,Fordham Rams,16,Allen,Away,1760.0,1448.0,1,0,Paulie Gee's,8,Jonathan
2023,24,Playoffs,Fordham Rams,16,Allen,Away,1241.0,1244.0,0,1,New Jersey Eren,2,Eren
2023,1,Regular,I Watch Basketbal,17,Luke,Away,1121.0,1261.0,0,1,The Bronx Orthodox Church,13,Arian
2023,2,Regular,I Watch Basketbal,17,Luke,Away,1411.0,1411.0,0,1,Fordham Rams,16,Allen
2023,3,Regular,I Watch Basketbal,17,Luke,Home,1253.0,1476.0,0,1,Pooh Shaisty,12,Semanto
2023,4,Regular,I Watch Basketbal,17,Luke,Home,1265.0,1596.0,0,1,Paulie Gee's,8,Jonathan
2023,5,Regular,I Watch Basketbal,17,Luke,Away,1422.0,1377.0,1,0,NY L-Eat Gang,10,Ibteda
2023,6,Regular,I Watch Basketbal,17,Luke,Home,1139.0,1017.0,1,0,Who Invited This Kid?,7,Jooahn
2023,7,Regular,I Watch Basketbal,17,Luke,Away,1345.0,1430.0,0,1,Team Chigga,5,Johnson
2023,8,Regular,I Watch Basketbal,17,Luke,Home,1390.0,942.0,1,0,Keegan It Real,1,Frank
2023,9,Regular,I Watch Basketbal,17,Luke,Away,1179.0,1350.0,0,1,New Jersey Eren,2,Eren
2023,10,Regular,I Watch Basketbal,17,Luke,Home,1066.0,1156.0,0,1,Fordham Rams,16,Allen
2023,11,Regular,I Watch Basketbal,17,Luke,Away,1264.0,1500.0,0,1,Pooh Shaisty,12,Semanto
2023,12,Regular,I Watch Basketbal,17,Luke,Away,1305.0,1492.0,0,1,Paulie Gee's,8,Jonathan
2023,13,Regular,I Watch Basketbal,17,Luke,Home,1277.0,1052.0,1,0,NY L-Eat Gang,10,Ibteda
2023,14,Regular,I Watch Basketbal,17,Luke,Home,1425.0,1423.0,1,0,The Bronx Orthodox Church,13,Arian
2023,15,Regular,I Watch Basketbal,17,Luke,Away,1532.0,1151.0,1,0,Who Invited This Kid?,7,Jooahn
2023,16,Regular,I Watch Basketbal,17,Luke,Home,1486.0,1278.0,1,0,Team Chigga,5,Johnson
2023,17,Regular,I Watch Basketbal,17,Luke,Away,1127.0,1348.0,0,1,Keegan It Real,1,Frank
2023,18,Regular,I Watch Basketbal,17,Luke,Home,1408.0,1606.0,0,1,New Jersey Eren,2,Eren
2023,19,Regular,I Watch Basketbal,17,Luke,Away,709.0,1411.0,0,1,The Bronx Orthodox Church,13,Arian
2023,20,Regular,I Watch Basketbal,17,Luke,Home,648.0,1337.0,0,1,Who Invited This Kid?,7,Jooahn
2023,21,Regular,I Watch Basketbal,17,Luke,Away,1349.0,1418.0,0,1,Team Chigga,5,Johnson
2023,22,Playoffs,I Watch Basketbal,17,Luke,Away,1013.0,1119.0,0,1,Who Invited This Kid?,7,Jooahn
2023,23,Playoffs,I Watch Basketbal,17,Luke,Home,1286.0,340.0,1,0,NY L-Eat Gang,10,Ibteda
2023,24,Playoffs,I Watch Basketbal,17,Luke,Home,1000.0,795.0,1,0,Keegan It Real,1,Frank
2024,1,Regular,Keegan It Real,1,Frank,Home,1276.0,1227.0,1,0,Team Chigga,5,Johnson
2024,2,Regular,Keegan It Real,1,Frank,Home,1805.0,1600.0,1,0,New Jersey Eren,2,Eren
2024,3,Regular,Keegan It Real,1,Frank,Away,1517.0,1232.0,1,0,Who Invited This Kid?,7,Jooahn
2024,4,Regular,Keegan It Real,1,Frank,Home,1867.0,1462.0,1,0,For All the bullDawgs,10,Shayan
2024,5,Regular,Keegan It Real,1,Frank,Home,1637.0,1434.0,1,0,The Bronx Orthodox Church,13,Arian
2024,6,Regular,Keegan It Real,1,Frank,Away,1664.0,1420.0,1,0,NYC Chopp Cheese,16,Allen
2024,7,Regular,Keegan It Real,1,Frank,Home,736.0,825.0,0,1,Paulie Gee's,8,Jonathan
2024,8,Regular,Keegan It Real,1,Frank,Away,1811.0,1787.0,1,0,I Watch Basketbal,17,Luke
2024,9,Regular,Keegan It Real,1,Frank,Away,1719.0,1342.0,1,0,The Bronx Orthodox Church,13,Arian
2024,10,Regular,Keegan It Real,1,Frank,Away,1725.0,1384.0,1,0,Team Chigga,5,Johnson
2024,11,Regular,Keegan It Real,1,Frank,Away,1720.0,1796.0,0,1,New Jersey Eren,2,Eren
2024,12,Regular,Keegan It Real,1,Frank,Home,1619.0,1354.0,1,0,Who Invited This Kid?,7,Jooahn
2024,13,Regular,Keegan It Real,1,Frank,Home,1751.0,896.0,1,0,Pooh Shaisty,12,Semanto
2024,14,Regular,Keegan It Real,1,Frank,Away,1830.0,869.0,1,0,For All the bullDawgs,10,Shayan
2024,15,Regular,Keegan It Real,1,Frank,Home,1890.0,1881.0,1,0,NYC Chopp Cheese,16,Allen
2024,16,Regular,Keegan It Real,1,Frank,Away,1453.0,1049.0,1,0,Paulie Gee's,8,Jonathan
2024,17,Regular,Keegan It Real,1,Frank,Home,2499.0,2124.0,1,0,I Watch Basketbal,17,Luke
2024,18,Regular,Keegan It Real,1,Frank,Away,1738.0,1213.0,1,0,Pooh Shaisty,12,Semanto
2024,19,Regular,Keegan It Real,1,Frank,Home,1528.0,1553.0,0,1,For All the bullDawgs,10,Shayan
2024,20,Regular,Keegan It Real,1,Frank,Away,1619.0,1272.0,1,0,NYC Chopp Cheese,16,Allen
2024,21,Playoffs,Keegan It Real,1,Frank,Home,1821.0,1839.0,0,1,Team Chigga,5,Johnson
2024,22,Playoffs,Keegan It Real,1,Frank,Home,1567.0,1276.0,1,0,I Watch Basketbal,17,Luke
2024,1,Regular,New Jersey Eren,2,Eren,Home,1333.0,888.0,1,0,Who Invited This Kid?,7,Jooahn
2024,2,Regular,New Jersey Eren,2,Eren,Away,1600.0,1805.0,0,1,Keegan It Real,1,Frank
2024,3,Regular,New Jersey Eren,2,Eren,Away,1530.0,1402.0,1,0,The Bronx Orthodox Church,13,Arian
2024,4,Regular,New Jersey Eren,2,Eren,Home,1604.0,1230.0,1,0,Team Chigga,5,Johnson
2024,5,Regular,New Jersey Eren,2,Eren,Home,1699.0,1484.0,1,0,Pooh Shaisty,12,Semanto
2024,6,Regular,New Jersey Eren,2,Eren,Away,1489.0,819.0,1,0,For All the bullDawgs,10,Shayan
2024,7,Regular,New Jersey Eren,2,Eren,Home,971.0,901.0,1,0,NYC Chopp Cheese,16,Allen
2024,8,Regular,New Jersey Eren,2,Eren,Away,1950.0,1418.0,1,0,Paulie Gee's,8,Jonathan
2024,9,Regular,New Jersey Eren,2,Eren,Home,1713.0,1508.0,1,0,I Watch Basketbal,17,Luke
2024,10,Regular,New Jersey Eren,2,Eren,Away,1518.0,1402.0,1,0,Who Invited This Kid?,7,Jooahn
2024,11,Regular,New Jersey Eren,2,Eren,Home,1796.0,1720.0,1,0,Keegan It Real,1,Frank
2024,12,Regular,New Jersey Eren,2,Eren,Home,1467.0,1511.0,0,1,The Bronx Orthodox Church,13,Arian
2024,13,Regular,New Jersey Eren,2,Eren,Away,1546.0,1441.0,1,0,Team Chigga,5,Johnson
2024,14,Regular,New Jersey Eren,2,Eren,Away,1670.0,1435.0,1,0,Pooh Shaisty,12,Semanto
2024,15,Regular,New Jersey Eren,2,Eren,Home,1670.0,970.0,1,0,For All the bullDawgs,10,Shayan
2024,16,Regular,New Jersey Eren,2,Eren,Away,922.0,1636.0,0,1,NYC Chopp Cheese,16,Allen
2024,17,Regular,New Jersey Eren,2,Eren,Home,1371.0,1543.0,0,1,Paulie Gee's,8,Jonathan
2024,18,Regular,New Jersey Eren,2,Eren,Away,1466.0,1550.0,0,1,I Watch Basketbal,17,Luke
2024,19,Regular,New Jersey Eren,2,Eren,Home,1542.0,1665.0,0,1,Pooh Shaisty,12,Semanto
2024,20,Regular,New Jersey Eren,2,Eren,Away,964.0,1199.0,0,1,For All the bullDawgs,10,Shayan
2024,21,Playoffs,New Jersey Eren,2,Eren,Home,790.0,1641.0,0,1,NYC Chopp Cheese,16,Allen
2024,22,Playoffs,New Jersey Eren,2,Eren,Home,1110.0,918.0,1,0,Pooh Shaisty,12,Semanto
2024,23,Playoffs,New Jersey Eren,2,Eren,Home,1019.0,1138.0,0,1,Pooh Shaisty,12,Semanto
2024,1,Regular,Team Chigga,5,Johnson,Away,1227.0,1276.0,0,1,Keegan It Real,1,Frank
2024,2,Regular,Team Chigga,5,Johnson,Home,1454.0,1411.0,1,0,The Bronx Orthodox Church,13,Arian
2024,3,Regular,Team Chigga,5,Johnson,Home,1386.0,1336.0,1,0,NYC Chopp Cheese,16,Allen
2024,4,Regular,Team Chigga,5,Johnson,Away,1230.0,1604.0,0,1,New Jersey Eren,2,Eren
2024,5,Regular,Team Chigga,5,Johnson,Home,1623.0,1389.0,1,0,Who Invited This Kid?,7,Jooahn
2024,6,Regular,Team Chigga,5,Johnson,Away,1293.0,1068.0,1,0,Paulie Gee's,8,Jonathan
2024,7,Regular,Team Chigga,5,Johnson,Home,925.0,1015.0,0,1,I Watch Basketbal,17,Luke
2024,8,Regular,Team Chigga,5,Johnson,Away,1826.0,2011.0,0,1,Pooh Shaisty,12,Semanto
2024,9,Regular,Team Chigga,5,Johnson,Away,1482.0,1198.0,1,0,Who Invited This Kid?,7,Jooahn
2024,10,Regular,Team Chigga,5,Johnson,Home,1384.0,1725.0,0,1,Keegan It Real,1,Frank
2024,11,Regular,Team Chigga,5,Johnson,Away,1573.0,1305.0,1,0,The Bronx Orthodox Church,13,Arian
2024,12,Regular,Team Chigga,5,Johnson,Home,1428.0,767.0,1,0,For All the bullDawgs,10,Shayan
2024,13,Regular,Team Chigga,5,Johnson,Home,1441.0,1546.0,0,1,New Jersey Eren,2,Eren
2024,14,Regular,Team Chigga,5,Johnson,Away,1243.0,1456.0,0,1,NYC Chopp Cheese,16,Allen
2024,15,Regular,Team Chigga,5,Johnson,Home,1741.0,858.0,1,0,Paulie Gee's,8,Jonathan
2024,16,Regular,Team Chigga,5,Johnson,Away,1508.0,1824.0,0,1,I Watch Basketbal,17,Luke
2024,17,Regular,Team Chigga,5,Johnson,Home,1841.0,1756.0,1,0,Pooh Shaisty,12,Semanto
2024,18,Regular,Team Chigga,5,Johnson,Away,1468.0,1108.0,1,0,For All the bullDawgs,10,Shayan
2024,19,Regular,Team Chigga,5,Johnson,Home,1678.0,1211.0,1,0,NYC Chopp Cheese,16,Allen
2024,20,Regular,Team Chigga,5,Johnson,Away,1748.0,1452.0,1,0,Paulie Gee's,8,Jonathan
2024,21,Playoffs,Team Chigga,5,Johnson,Away,1609.0,1105.0,1,0,Pooh Shaisty,12,Semanto
2024,22,Playoffs,Team Chigga,5,Johnson,Away,1839.0,1821.0,1,0,Keegan It Real,1,Frank
2024,23,Playoffs,Team Chigga,5,Johnson,Home,1701.0,1491.0,1,0,NYC Chopp Cheese,16,Allen
2024,1,Regular,Who Invited This Kid?,7,Jooahn,Away,888.0,1333.0,0,1,New Jersey Eren,2,Eren
2024,2,Regular,Who Invited This Kid?,7,Jooahn,Home,984.0,1070.0,0,1,Paulie Gee's,8,Jonathan
2024,3,Regular,Who Invited This Kid?,7,Jooahn,Home,1232.0,1517.0,0,1,Keegan It Real,1,Frank
2024,4,Regular,Who Invited This Kid?,7,Jooahn,Away,1271.0,1420.0,0,1,The Bronx Orthodox Church,13,Arian
2024,5,Regular,Who Invited This Kid?,7,Jooahn,Away,1389.0,1623.0,0,1,Team Chigga,5,Johnson
2024,6,Regular,Who Invited This Kid?,7,Jooahn,Away,968.0,1510.0,0,1,I Watch Basketbal,17,Luke
2024,7,Regular,Who Invited This Kid?,7,Jooahn,Home,752.0,758.0,0,1,Pooh Shaisty,12,Semanto
2024,8,Regular,Who Invited This Kid?,7,Jooahn,Away,1010.0,938.0,1,0,For All the bullDawgs,10,Shayan
2024,9,Regular,Who Invited This Kid?,7,Jooahn,Home,1198.0,1482.0,0,1,Team Chigga,5,Johnson
2024,10,Regular,Who Invited This Kid?,7,Jooahn,Home,1402.0,1518.0,0,1,New Jersey Eren,2,Eren
2024,11,Regular,Who Invited This Kid?,7,Jooahn,Home,1453.0,1411.0,1,0,NYC Chopp Cheese,16,Allen
2024,12,Regular,Who Invited This Kid?,7,Jooahn,Away,1354.0,1619.0,0,1,Keegan It Real,1,Frank
2024,13,Regular,Who Invited This Kid?,7,Jooahn,Home,1388.0,1657.0,0,1,The Bronx Orthodox Church,13,Arian
2024,14,Regular,Who Invited This Kid?,7,Jooahn,Away,1386.0,1172.0,1,0,Paulie Gee's,8,Jonathan
2024,15,Regular,Who Invited This Kid?,7,Jooahn,Home,1424.0,1626.0,0,1,I Watch Basketbal,17,Luke
2024,16,Regular,Who Invited This Kid?,7,Jooahn,Away,1491.0,1532.0,0,1,Pooh Shaisty,12,Semanto
2024,17,Regular,Who Invited This Kid?,7,Jooahn,Home,2011.0,1226.0,1,0,For All the bullDawgs,10,Shayan
2024,18,Regular,Who Invited This Kid?,7,Jooahn,Away,1053.0,1276.0,0,1,NYC Chopp Cheese,16,Allen
2024,19,Regular,Who Invited This Kid?,7,Jooahn,Home,1209.0,690.0,1,0,Paulie Gee's,8,Jonathan
2024,20,Regular,Who Invited This Kid?,7,Jooahn,Away,1266.0,1519.0,0,1,I Watch Basketbal,17,Luke
2024,21,Playoffs,Who Invited This Kid?,7,Jooahn,Away,997.0,610.0,1,0,The Bronx Orthodox Church,13,Arian
2024,22,Playoffs,Who Invited This Kid?,7,Jooahn,Home,911.0,1257.0,0,1,Paulie Gee's,8,Jonathan
2024,23,Playoffs,Who Invited This Kid?,7,Jooahn,Away,1357.0,843.0,1,0,The Bronx Orthodox Church,13,Arian
2024,1,Regular,Paulie Gee's,8,Jonathan,Away,1090.0,1276.0,0,1,Pooh Shaisty,12,Semanto
2024,2,Regular,Paulie Gee's,8,Jonathan,Away,1070.0,984.0,1,0,Who Invited This Kid?,7,Jooahn
2024,3,Regular,Paulie Gee's,8,Jonathan,Home,1180.0,1190.0,0,1,For All the bullDawgs,10,Shayan
2024,4,Regular,Paulie Gee's,8,Jonathan,Away,1128.0,1174.0,0,1,I Watch Basketbal,17,Luke
2024,5,Regular,Paulie Gee's,8,Jonathan,Away,1202.0,1257.0,0,1,NYC Chopp Cheese,16,Allen
2024,6,Regular,Paulie Gee's,8,Jonathan,Home,1068.0,1293.0,0,1,Team Chigga,5,Johnson
2024,7,Regular,Paulie Gee's,8,Jonathan,Away,825.0,736.0,1,0,Keegan It Real,1,Frank
2024,8,Regular,Paulie Gee's,8,Jonathan,Home,1418.0,1950.0,0,1,New Jersey Eren,2,Eren
2024,9,Regular,Paulie Gee's,8,Jonathan,Home,916.0,1652.0,0,1,Pooh Shaisty,12,Semanto
2024,10,Regular,Paulie Gee's,8,Jonathan,Away,1046.0,1531.0,0,1,The Bronx Orthodox Church,13,Arian
2024,11,Regular,Paulie Gee's,8,Jonathan,Away,872.0,1087.0,0,1,For All the bullDawgs,10,Shayan
2024,12,Regular,Paulie Gee's,8,Jonathan,Home,1139.0,1197.0,0,1,I Watch Basketbal,17,Luke
2024,13,Regular,Paulie Gee's,8,Jonathan,Home,1030.0,1492.0,0,1,NYC Chopp Cheese,16,Allen
2024,14,Regular,Paulie Gee's,8,Jonathan,Home,1172.0,1386.0,0,1,Who Invited This Kid?,7,Jooahn
2024,15,Regular,Paulie Gee's,8,Jonathan,Away,858.0,1741.0,0,1,Team Chigga,5,Johnson
2024,16,Regular,Paulie Gee's,8,Jonathan,Home,1049.0,1453.0,0,1,Keegan It Real,1,Frank
2024,17,Regular,Paulie Gee's,8,Jonathan,Away,1543.0,1371.0,1,0,New Jersey Eren,2,Eren
2024,18,Regular,Paulie Gee's,8,Jonathan,Home,962.0,1221.0,0,1,The Bronx Orthodox Church,13,Arian
2024,19,Regular,Paulie Gee's,8,Jonathan,Away,690.0,1209.0,0,1,Who Invited This Kid?,7,Jooahn
2024,20,Regular,Paulie Gee's,8,Jonathan,Home,1452.0,1748.0,0,1,Team Chigga,5,Johnson
2024,21,Playoffs,Paulie Gee's,8,Jonathan,Away,1237.0,1059.0,1,0,For All the bullDawgs,10,Shayan
2024,22,Playoffs,Paulie Gee's,8,Jonathan,Away,1257.0,911.0,1,0,Who Invited This Kid?,7,Jooahn
2024,23,Playoffs,Paulie Gee's,8,Jonathan,Away,1404.0,910.0,1,0,For All the bullDawgs,10,Shayan
2024,1,Regular,For All the bullDawgs,10,Shayan,Home,478.0,951.0,0,1,NYC Chopp Cheese,16,Allen
2024,2,Regular,For All the bullDawgs,10,Shayan,Home,941.0,1595.0,0,1,Pooh Shaisty,12,Semanto
2024,3,Regular,For All the bullDawgs,10,Shayan,Away,1190.0,1180.0,1,0,Paulie Gee's,8,Jonathan
2024,4,Regular,For All the bullDawgs,10,Shayan,Away,1462.0,1867.0,0,1,Keegan It Real,1,Frank
2024,5,Regular,For All the bullDawgs,10,Shayan,Home,1118.0,1247.0,0,1,I Watch Basketbal,17,Luke
2024,6,Regular,For All the bullDawgs,10,Shayan,Home,819.0,1489.0,0,1,New Jersey Eren,2,Eren
2024,7,Regular,For All the bullDawgs,10,Shayan,Away,594.0,723.0,0,1,The Bronx Orthodox Church,13,Arian
2024,8,Regular,For All the bullDawgs,10,Shayan,Home,938.0,1010.0,0,1,Who Invited This Kid?,7,Jooahn
2024,9,Regular,For All the bullDawgs,10,Shayan,Away,1034.0,1421.0,0,1,NYC Chopp Cheese,16,Allen
2024,10,Regular,For All the bullDawgs,10,Shayan,Away,622.0,1707.0,0,1,Pooh Shaisty,12,Semanto
2024,11,Regular,For All the bullDawgs,10,Shayan,Home,1087.0,872.0,1,0,Paulie Gee's,8,Jonathan
2024,12,Regular,For All the bullDawgs,10,Shayan,Away,767.0,1428.0,0,1,Team Chigga,5,Johnson
2024,13,Regular,For All the bullDawgs,10,Shayan,Away,814.0,1311.0,0,1,I Watch Basketbal,17,Luke
2024,14,Regular,For All the bullDawgs,10,Shayan,Home,869.0,1830.0,0,1,Keegan It Real,1,Frank
2024,15,Regular,For All the bullDawgs,10,Shayan,Away,970.0,1670.0,0,1,New Jersey Eren,2,Eren
2024,16,Regular,For All the bullDawgs,10,Shayan,Home,1017.0,1026.0,0,1,The Bronx Orthodox Church,13,Arian
2024,17,Regular,For All the bullDawgs,10,Shayan,Away,1226.0,2011.0,0,1,Who Invited This Kid?,7,Jooahn
2024,18,Regular,For All the bullDawgs,10,Shayan,Home,1108.0,1468.0,0,1,Team Chigga,5,Johnson
2024,19,Regular,For All the bullDawgs,10,Shayan,Away,1553.0,1528.0,1,0,Keegan It Real,1,Frank
2024,20,Regular,For All the bullDawgs,10,Shayan,Home,1199.0,964.0,1,0,New Jersey Eren,2,Eren
2024,21,Playoffs,For All the bullDawgs,10,Shayan,Home,1059.0,1237.0,0,1,Paulie Gee's,8,Jonathan
2024,22,Playoffs,For All the bullDawgs,10,Shayan,Away,1078.0,804.0,1,0,The Bronx Orthodox Church,13,Arian
2024,23,Playoffs,For All the bullDawgs,10,Shayan,Home,910.0,1404.0,0,1,Paulie Gee's,8,Jonathan
2024,1,Regular,Pooh Shaisty,12,Semanto,Home,1276.0,1090.0,1,0,Paulie Gee's,8,Jonathan
2024,2,Regular,Pooh Shaisty,12,Semanto,Away,1595.0,941.0,1,0,For All the bullDawgs,10,Shayan
2024,3,Regular,Pooh Shaisty,12,Semanto,Away,1369.0,1300.0,1,0,I Watch Basketbal,17,Luke
2024,4,Regular,Pooh Shaisty,12,Semanto,Home,1594.0,1280.0,1,0,NYC Chopp Cheese,16,Allen
2024,5,Regular,Pooh Shaisty,12,Semanto,Away,1484.0,1699.0,0,1,New Jersey Eren,2,Eren
2024,6,Regular,Pooh Shaisty,12,Semanto,Home,1482.0,1484.0,0,1,The Bronx Orthodox Church,13,Arian
2024,7,Regular,Pooh Shaisty,12,Semanto,Away,758.0,752.0,1,0,Who Invited This Kid?,7,Jooahn
2024,8,Regular,Pooh Shaisty,12,Semanto,Home,2011.0,1826.0,1,0,Team Chigga,5,Johnson
2024,9,Regular,Pooh Shaisty,12,Semanto,Away,1652.0,916.0,1,0,Paulie Gee's,8,Jonathan
2024,10,Regular,Pooh Shaisty,12,Semanto,Home,1707.0,622.0,1,0,For All the bullDawgs,10,Shayan
2024,11,Regular,Pooh Shaisty,12,Semanto,Home,1320.0,1531.0,0,1,I Watch Basketbal,17,Luke
2024,12,Regular,Pooh Shaisty,12,Semanto,Away,1511.0,1397.0,1,0,NYC Chopp Cheese,16,Allen
2024,13,Regular,Pooh Shaisty,12,Semanto,Away,896.0,1751.0,0,1,Keegan It Real,1,Frank
2024,14,Regular,Pooh Shaisty,12,Semanto,Home,1435.0,1670.0,0,1,New Jersey Eren,2,Eren
2024,15,Regular,Pooh Shaisty,12,Semanto,Away,1731.0,1562.0,1,0,The Bronx Orthodox Church,13,Arian
2024,16,Regular,Pooh Shaisty,12,Semanto,Home,1532.0,1491.0,1,0,Who Invited This Kid?,7,Jooahn
2024,17,Regular,Pooh Shaisty,12,Semanto,Away,1756.0,1841.0,0,1,Team Chigga,5,Johnson
2024,18,Regular,Pooh Shaisty,12,Semanto,Home,1213.0,1738.0,0,1,Keegan It Real,1,Frank
2024,19,Regular,Pooh Shaisty,12,Semanto,Away,1665.0,1542.0,1,0,New Jersey Eren,2,Eren
2024,20,Regular,Pooh Shaisty,12,Semanto,Home,1234.0,1166.0,1,0,The Bronx Orthodox Church,13,Arian
2024,21,Playoffs,Pooh Shaisty,12,Semanto,Home,1105.0,1609.0,0,1,Team Chigga,5,Johnson
2024,22,Playoffs,Pooh Shaisty,12,Semanto,Away,918.0,1110.0,0,1,New Jersey Eren,2,Eren
2024,23,Playoffs,Pooh Shaisty,12,Semanto,Away,1138.0,1019.0,1,0,New Jersey Eren,2,Eren
2024,1,Regular,The Bronx Orthodox Church,13,Arian,Home,1117.0,1111.0,1,0,I Watch Basketbal,17,Luke
2024,2,Regular,The Bronx Orthodox Church,13,Arian,Away,1411.0,1454.0,0,1,Team Chigga,5,Johnson
2024,3,Regular,The Bronx Orthodox Church,13,Arian,Home,1402.0,1530.0,0,1,New Jersey Eren,2,Eren
2024,4,Regular,The Bronx Orthodox Church,13,Arian,Home,1420.0,1271.0,1,0,Who Invited This Kid?,7,Jooahn
2024,5,Regular,The Bronx Orthodox Church,13,Arian,Away,1434.0,1637.0,0,1,Keegan It Real,1,Frank
2024,6,Regular,The Bronx Orthodox Church,13,Arian,Away,1484.0,1482.0,1,0,Pooh Shaisty,12,Semanto
2024,7,Regular,The Bronx Orthodox Church,13,Arian,Home,723.0,594.0,1,0,For All the bullDawgs,10,Shayan
2024,8,Regular,The Bronx Orthodox Church,13,Arian,Away,1365.0,1615.0,0,1,NYC Chopp Cheese,16,Allen
2024,9,Regular,The Bronx Orthodox Church,13,Arian,Home,1342.0,1719.0,0,1,Keegan It Real,1,Frank
2024,10,Regular,The Bronx Orthodox Church,13,Arian,Home,1531.0,1046.0,1,0,Paulie Gee's,8,Jonathan
2024,11,Regular,The Bronx Orthodox Church,13,Arian,Home,1305.0,1573.0,0,1,Team Chigga,5,Johnson
2024,12,Regular,The Bronx Orthodox Church,13,Arian,Away,1511.0,1467.0,1,0,New Jersey Eren,2,Eren
2024,13,Regular,The Bronx Orthodox Church,13,Arian,Away,1657.0,1388.0,1,0,Who Invited This Kid?,7,Jooahn
2024,14,Regular,The Bronx Orthodox Church,13,Arian,Away,1349.0,1636.0,0,1,I Watch Basketbal,17,Luke
2024,15,Regular,The Bronx Orthodox Church,13,Arian,Home,1562.0,1731.0,0,1,Pooh Shaisty,12,Semanto
2024,16,Regular,The Bronx Orthodox Church,13,Arian,Away,1026.0,1017.0,1,0,For All the bullDawgs,10,Shayan
2024,17,Regular,The Bronx Orthodox Church,13,Arian,Home,1871.0,1748.0,1,0,NYC Chopp Cheese,16,Allen
2024,18,Regular,The Bronx Orthodox Church,13,Arian,Away,1221.0,962.0,1,0,Paulie Gee's,8,Jonathan
2024,19,Regular,The Bronx Orthodox Church,13,Arian,Home,1620.0,1785.0,0,1,I Watch Basketbal,17,Luke
2024,20,Regular,The Bronx Orthodox Church,13,Arian,Away,1166.0,1234.0,0,1,Pooh Shaisty,12,Semanto
2024,21,Playoffs,The Bronx Orthodox Church,13,Arian,Home,610.0,997.0,0,1,Who Invited This Kid?,7,Jooahn
2024,22,Playoffs,The Bronx Orthodox Church,13,Arian,Home,804.0,1078.0,0,1,For All the bullDawgs,10,Shayan
2024,23,Playoffs,The Bronx Orthodox Church,13,Arian,Home,843.0,1357.0,0,1,Who Invited This Kid?,7,Jooahn
2024,1,Regular,NYC Chopp Cheese,16,Allen,Away,951.0,478.0,1,0,For All the bullDawgs,10,Shayan
2024,2,Regular,NYC Chopp Cheese,16,Allen,Home,1540.0,1388.0,1,0,I Watch Basketbal,17,Luke
2024,3,Regular,NYC Chopp Cheese,16,Allen,Away,1336.0,1386.0,0,1,Team Chigga,5,Johnson
2024,4,Regular,NYC Chopp Cheese,16,Allen,Away,1280.0,1594.0,0,1,Pooh Shaisty,12,Semanto
2024,5,Regular,NYC Chopp Cheese,16,Allen,Home,1257.0,1202.0,1,0,Paulie Gee's,8,Jonathan
2024,6,Regular,NYC Chopp Cheese,16,Allen,Home,1420.0,1664.0,0,1,Keegan It Real,1,Frank
2024,7,Regular,NYC Chopp Cheese,16,Allen,Away,901.0,971.0,0,1,New Jersey Eren,2,Eren
2024,8,Regular,NYC Chopp Cheese,16,Allen,Home,1615.0,1365.0,1,0,The Bronx Orthodox Church,13,Arian
2024,9,Regular,NYC Chopp Cheese,16,Allen,Home,1421.0,1034.0,1,0,For All the bullDawgs,10,Shayan
2024,10,Regular,NYC Chopp Cheese,16,Allen,Away,1758.0,1697.0,1,0,I Watch Basketbal,17,Luke
2024,11,Regular,NYC Chopp Cheese,16,Allen,Away,1411.0,1453.0,0,1,Who Invited This Kid?,7,Jooahn
2024,12,Regular,NYC Chopp Cheese,16,Allen,Home,1397.0,1511.0,0,1,Pooh Shaisty,12,Semanto
2024,13,Regular,NYC Chopp Cheese,16,Allen,Away,1492.0,1030.0,1,0,Paulie Gee's,8,Jonathan
2024,14,Regular,NYC Chopp Cheese,16,Allen,Home,1456.0,1243.0,1,0,Team Chigga,5,Johnson
2024,15,Regular,NYC Chopp Cheese,16,Allen,Away,1881.0,1890.0,0,1,Keegan It Real,1,Frank
2024,16,Regular,NYC Chopp Cheese,16,Allen,Home,1636.0,922.0,1,0,New Jersey Eren,2,Eren
2024,17,Regular,NYC Chopp Cheese,16,Allen,Away,1748.0,1871.0,0,1,The Bronx Orthodox Church,13,Arian
2024,18,Regular,NYC Chopp Cheese,16,Allen,Home,1276.0,1053.0,1,0,Who Invited This Kid?,7,Jooahn
2024,19,Regular,NYC Chopp Cheese,16,Allen,Away,1211.0,1678.0,0,1,Team Chigga,5,Johnson
2024,20,Regular,NYC Chopp Cheese,16,Allen,Home,1272.0,1619.0,0,1,Keegan It Real,1,Frank
2024,21,Playoffs,NYC Chopp Cheese,16,Allen,Away,1641.0,790.0,1,0,New Jersey Eren,2,Eren
2024,22,Playoffs,NYC Chopp Cheese,16,Allen,Away,1816.0,1813.0,1,0,I Watch Basketbal,17,Luke
2024,23,Playoffs,NYC Chopp Cheese,16,Allen,Away,1491.0,1701.0,0,1,Team Chigga,5,Johnson
2024,1,Regular,I Watch Basketbal,17,Luke,Away,1111.0,1117.0,0,1,The Bronx Orthodox Church,13,Arian
2024,2,Regular,I Watch Basketbal,17,Luke,Away,1388.0,1540.0,0,1,NYC Chopp Cheese,16,Allen
2024,3,Regular,I Watch Basketbal,17,Luke,Home,1300.0,1369.0,0,1,Pooh Shaisty,12,Semanto
2024,4,Regular,I Watch Basketbal,17,Luke,Home,1174.0,1128.0,1,0,Paulie Gee's,8,Jonathan
2024,5,Regular,I Watch Basketbal,17,Luke,Away,1247.0,1118.0,1,0,For All the bullDawgs,10,Shayan
2024,6,Regular,I Watch Basketbal,17,Luke,Home,1510.0,968.0,1,0,Who Invited This Kid?,7,Jooahn
2024,7,Regular,I Watch Basketbal,17,Luke,Away,1015.0,925.0,1,0,Team Chigga,5,Johnson
2024,8,Regular,I Watch Basketbal,17,Luke,Home,1787.0,1811.0,0,1,Keegan It Real,1,Frank
2024,9,Regular,I Watch Basketbal,17,Luke,Away,1508.0,1713.0,0,1,New Jersey Eren,2,Eren
2024,10,Regular,I Watch Basketbal,17,Luke,Home,1697.0,1758.0,0,1,NYC Chopp Cheese,16,Allen
2024,11,Regular,I Watch Basketbal,17,Luke,Away,1531.0,1320.0,1,0,Pooh Shaisty,12,Semanto
2024,12,Regular,I Watch Basketbal,17,Luke,Away,1197.0,1139.0,1,0,Paulie Gee's,8,Jonathan
2024,13,Regular,I Watch Basketbal,17,Luke,Home,1311.0,814.0,1,0,For All the bullDawgs,10,Shayan
2024,14,Regular,I Watch Basketbal,17,Luke,Home,1636.0,1349.0,1,0,The Bronx Orthodox Church,13,Arian
2024,15,Regular,I Watch Basketbal,17,Luke,Away,1626.0,1424.0,1,0,Who Invited This Kid?,7,Jooahn
2024,16,Regular,I Watch Basketbal,17,Luke,Home,1824.0,1508.0,1,0,Team Chigga,5,Johnson
2024,17,Regular,I Watch Basketbal,17,Luke,Away,2124.0,2499.0,0,1,Keegan It Real,1,Frank
2024,18,Regular,I Watch Basketbal,17,Luke,Home,1550.0,1466.0,1,0,New Jersey Eren,2,Eren
2024,19,Regular,I Watch Basketbal,17,Luke,Away,1785.0,1620.0,1,0,The Bronx Orthodox Church,13,Arian
2024,20,Regular,I Watch Basketbal,17,Luke,Home,1519.0,1266.0,1,0,Who Invited This Kid?,7,Jooahn
2024,21,Playoffs,I Watch Basketbal,17,Luke,Home,1813.0,1816.0,0,1,NYC Chopp Cheese,16,Allen
2024,22,Playoffs,I Watch Basketbal,17,Luke,Away,1276.0,1567.0,0,1,Keegan It Real,1,Frank
