Year,Date,Time,Team Name,Asset,Action
2025,04/13/2025,06:00,Paulie Gee's,Quentin Grimes,WAIVER ADDED
2025,04/13/2025,06:00,Paulie Gee's,Scotty Pippen Jr.,DROPPED
2025,04/09/2025,06:00,New Jersey Eren,Quentin Grimes,DROPPED
2025,04/09/2025,06:00,New Jersey Eren,Zaccharie Risacher,WAIVER ADDED
2025,04/09/2025,06:00,New Jersey Eren,Kelly Oubre Jr.,WAIVER ADDED
2025,04/09/2025,06:00,New Jersey Eren,Naji Marshall,DROPPED
2025,04/06/2025,06:00,Keegan It Real,Bub Carrington,WAIVER ADDED
2025,04/06/2025,06:00,Keegan It Real,Adem Bona,DROPPED
2025,04/06/2025,06:00,Keegan It Real,Matas Buzelis,WAIVER ADDED
2025,04/06/2025,06:00,Keegan It Real,Davion Mitchell,DROPPED
2025,04/02/2025,06:00,Keegan It Real,Ryan Rollins,WAIVER ADDED
2025,04/02/2025,06:00,Pooh Shaisty,Andrew Nembhard,WAIVER ADDED
2025,04/02/2025,06:00,Keegan It Real,Adem Bona,WAIVER ADDED
2025,04/02/2025,06:00,Keegan It Real,Kai Jones,DROPPED
2025,04/02/2025,06:00,Keegan It Real,Aaron Nesmith,DROPPED
2025,04/02/2025,06:00,Pooh Shaisty,Caris LeVert,DROPPED
2025,04/02/2025,06:00,Pooh Shaisty,Kelly Oubre Jr.,DROPPED
2025,04/02/2025,06:00,Pooh Shaisty,Grayson Allen,WAIVER ADDED
2025,03/31/2025,06:00,New Jersey Eren,Malik Beasley,DROPPED
2025,03/31/2025,06:00,New Jersey Eren,Keyonte George,WAIVER ADDED
2025,03/30/2025,06:00,New Jersey Eren,Kevin Huerter,DROPPED
2025,03/30/2025,06:00,New Jersey Eren,Yves Missi,WAIVER ADDED
2025,03/30/2025,06:00,New Jersey Eren,Keyonte George,DROPPED
2025,03/30/2025,06:00,New Jersey Eren,Malik Beasley,WAIVER ADDED
2025,03/28/2025,06:00,Keegan It Real,Davion Mitchell,WAIVER ADDED
2025,03/28/2025,06:00,Keegan It Real,Jonas Valanciunas,DROPPED
2025,03/26/2025,06:00,Pooh Shaisty,Toumani Camara,WAIVER ADDED
2025,03/26/2025,06:00,Pooh Shaisty,Rui Hachimura,DROPPED
2025,03/26/2025,06:00,Jalen Inc.,Dereck Lively II,DROPPED
2025,03/26/2025,06:00,Jalen Inc.,Justin Edwards,WAIVER ADDED
2025,03/24/2025,06:00,Keegan It Real,Kai Jones,WAIVER ADDED
2025,03/24/2025,06:00,Keegan It Real,Andrew Nembhard,DROPPED
2025,03/24/2025,06:00,Keegan It Real,Brandin Podziemski,WAIVER ADDED
2025,03/24/2025,06:00,Keegan It Real,Justin Champagnie,DROPPED
2025,03/23/2025,06:00,New Jersey Eren,Tre Jones,DROPPED
2025,03/23/2025,06:00,New Jersey Eren,Kevin Huerter,WAIVER ADDED
2025,03/21/2025,06:00,Paulie Gee's,Scotty Pippen Jr.,WAIVER ADDED
2025,03/21/2025,06:00,Paulie Gee's,Brandon Williams,DROPPED
2025,03/19/2025,06:00,Keegan It Real,Jonas Valanciunas,WAIVER ADDED
2025,03/19/2025,06:00,Jalen Inc.,Moses Moody,WAIVER ADDED
2025,03/19/2025,06:00,Keegan It Real,Zach Collins,DROPPED
2025,03/19/2025,06:00,Jalen Inc.,Bilal Coulibaly,DROPPED
2025,03/19/2025,06:00,Keegan It Real,Aaron Nesmith,WAIVER ADDED
2025,03/19/2025,06:00,Keegan It Real,Toumani Camara,DROPPED
2025,03/17/2025,06:00,Keegan It Real,Justin Champagnie,WAIVER ADDED
2025,03/17/2025,06:00,New Jersey Eren,Tyus Jones,DROPPED
2025,03/17/2025,06:00,New Jersey Eren,Tre Jones,WAIVER ADDED
2025,03/16/2025,21:24,Keegan It Real,Jonas Valanciunas,DROPPED
2025,03/14/2025,06:00,Pooh Shaisty,Goga Bitadze,DROPPED
2025,03/14/2025,06:00,Pooh Shaisty,Caris LeVert,WAIVER ADDED
2025,03/14/2025,06:00,Jalen Inc.,Max Christie,DROPPED
2025,03/14/2025,06:00,Jalen Inc.,Kyshawn George,WAIVER ADDED
2025,03/12/2025,06:00,Paulie Gee's,Brandon Williams,WAIVER ADDED
2025,03/12/2025,06:00,Paulie Gee's,Caris LeVert,DROPPED
2025,03/09/2025,06:00,New Jersey Eren,Jerami Grant,DROPPED
2025,03/09/2025,06:00,New Jersey Eren,Naji Marshall,WAIVER ADDED
2025,03/07/2025,06:00,Keegan It Real,Andrew Nembhard,WAIVER ADDED
2025,03/07/2025,06:00,Keegan It Real,Malik Beasley,DROPPED
2025,03/07/2025,06:00,Paulie Gee's,Caris LeVert,WAIVER ADDED
2025,03/05/2025,06:00,Keegan It Real,Jose Alvarado,DROPPED
2025,03/05/2025,06:00,Keegan It Real,Jonas Valanciunas,WAIVER ADDED
2025,03/03/2025,06:00,Keegan It Real,Keon Johnson,DROPPED
2025,03/03/2025,06:00,Keegan It Real,Zach Collins,WAIVER ADDED
2025,03/02/2025,06:00,Paulie Gee's,Brandin Podziemski,DROPPED
2025,03/02/2025,06:00,Paulie Gee's,Donte DiVincenzo,WAIVER ADDED
2025,02/28/2025,06:00,Keegan It Real,Toumani Camara,WAIVER ADDED
2025,02/28/2025,06:00,Keegan It Real,Ayo Dosunmu,DROPPED
2025,02/28/2025,06:00,Keegan It Real,Keon Johnson,WAIVER ADDED
2025,02/28/2025,06:00,Keegan It Real,Charles Bassey,DROPPED
2025,02/26/2025,06:00,New Jersey Eren,Quentin Grimes,WAIVER ADDED
2025,02/26/2025,06:00,Paulie Gee's,Bennedict Mathurin,DROPPED
2025,02/26/2025,06:00,Paulie Gee's,Brandin Podziemski,WAIVER ADDED
2025,02/23/2025,06:00,Keegan It Real,Charles Bassey,WAIVER ADDED
2025,02/23/2025,06:00,Paulie Gee's,Matas Buzelis,DROPPED
2025,02/23/2025,06:00,Paulie Gee's,Bennedict Mathurin,WAIVER ADDED
2025,02/22/2025,14:14,New Jersey Eren,Jaime Jaquez Jr.,DROPPED
2025,02/21/2025,23:41,Paulie Gee's,Khris Middleton,DROPPED
2025,02/21/2025,06:00,Keegan It Real,Jose Alvarado,WAIVER ADDED
2025,02/14/2025,06:00,Keegan It Real,Nikola Jovic,DROPPED
2025,02/14/2025,06:00,Keegan It Real,Donovan Clingan,WAIVER ADDED
2025,02/12/2025,06:00,Paulie Gee's,Matas Buzelis,WAIVER ADDED
2025,02/12/2025,06:00,Jalen Inc.,Max Christie,WAIVER ADDED
2025,02/12/2025,06:00,Jalen Inc.,Cole Anthony,DROPPED
2025,02/05/2025,06:00,Keegan It Real,Malik Beasley,WAIVER ADDED
2025,02/05/2025,06:00,Paulie Gee's,Lonzo Ball,DROPPED
2025,02/05/2025,06:00,Paulie Gee's,Tari Eason,WAIVER ADDED
2025,02/05/2025,06:00,Pooh Shaisty,Guerschon Yabusele,WAIVER ADDED
2025,02/05/2025,06:00,Pooh Shaisty,Rui Hachimura,WAIVER ADDED
2025,02/04/2025,22:19,Keegan It Real,De'Andre Hunter,DROPPED
2025,02/04/2025,22:19,Keegan It Real,Bennedict Mathurin,DROPPED
2025,02/03/2025,05:32,Keegan It Real,Derrick Jones Jr.,DROPPED
2025,02/02/2025,06:00,Keegan It Real,Derrick Jones Jr.,WAIVER ADDED
2025,02/01/2025,23:22,Keegan It Real,Donte DiVincenzo,DROPPED
2025,01/31/2025,06:00,Team Chigga,Ty Jerome,WAIVER ADDED
2025,01/31/2025,06:00,Team Chigga,Jaden McDaniels,WAIVER ADDED
2025,01/31/2025,06:00,Team Chigga,Trayce Jackson-Davis,DROPPED
2025,01/30/2025,23:38,Pooh Shaisty,Jonas Valanciunas,DROPPED
2025,01/30/2025,23:37,Paulie Gee's,Larry Nance Jr.,DROPPED
2025,01/30/2025,00:08,Pooh Shaisty,Keldon Johnson,DROPPED
2025,01/24/2025,06:00,Jalen Inc.,Isaiah Collier,WAIVER ADDED
2025,01/22/2025,06:00,Jalen Inc.,Toumani Camara,DROPPED
2025,01/22/2025,06:00,Jalen Inc.,Bilal Coulibaly,WAIVER ADDED
2025,01/20/2025,10:41,Jalen Inc.,Bilal Coulibaly,DROPPED
2025,01/20/2025,06:00,Team Chigga,Mike Conley,DROPPED
2025,01/20/2025,06:00,Team Chigga,Kel'el Ware,WAIVER ADDED
2025,01/19/2025,17:53,Team Chigga,Caris LeVert,DROPPED
2025,01/19/2025,17:48,Team Chigga,Jordan Clarkson,DROPPED
2025,01/19/2025,06:00,Paulie Gee's,Lonzo Ball,WAIVER ADDED
2025,01/18/2025,16:37,Paulie Gee's,Gradey Dick,DROPPED
2025,01/17/2025,06:00,Paulie Gee's,Terry Rozier,DROPPED
2025,01/17/2025,06:00,Pooh Shaisty,Onyeka Okongwu,WAIVER ADDED
2025,01/17/2025,06:00,Jalen Inc.,Toumani Camara,WAIVER ADDED
2025,01/17/2025,06:00,Paulie Gee's,Khris Middleton,WAIVER ADDED
2025,01/17/2025,06:00,Jalen Inc.,Cole Anthony,WAIVER ADDED
2025,01/15/2025,06:00,Keegan It Real,Nikola Jovic,WAIVER ADDED
2025,01/15/2025,06:00,Keegan It Real,Khris Middleton,DROPPED
2025,01/10/2025,06:00,New Jersey Eren,Jaime Jaquez Jr.,WAIVER ADDED
2025,01/10/2025,06:00,New Jersey Eren,Yves Missi,DROPPED
2025,01/08/2025,06:00,Team Chigga,Trayce Jackson-Davis,WAIVER ADDED
2025,01/06/2025,12:31,Team Chigga,Tari Eason,DROPPED
2025,01/03/2025,06:00,Keegan It Real,Donte DiVincenzo,WAIVER ADDED
2025,01/03/2025,06:00,Keegan It Real,Kevin Porter Jr.,DROPPED
2025,12/29/2024,06:00,Paulie Gee's,Larry Nance Jr.,WAIVER ADDED
2025,12/26/2024,16:51,Jalen Inc.,Rui Hachimura,DROPPED
2025,12/22/2024,06:00,New Jersey Eren,Yves Missi,WAIVER ADDED
2025,12/22/2024,06:00,New Jersey Eren,Robert Williams III,DROPPED
2025,12/20/2024,18:44,Pooh Shaisty,Julian Champagnie,DROPPED
2025,12/15/2024,06:00,Pooh Shaisty,Julian Champagnie,WAIVER ADDED
2025,12/15/2024,06:00,Paulie Gee's,Terry Rozier,WAIVER ADDED
2025,12/15/2024,06:00,Paulie Gee's,Bub Carrington,DROPPED
2025,12/15/2024,05:14,Paulie Gee's,Donovan Clingan,DROPPED
2025,12/13/2024,17:52,Pooh Shaisty,Julian Champagnie,DROPPED
2025,12/12/2024,08:47,I Watch Basketbal,Terry Rozier,DROPPED
2025,12/11/2024,06:00,New Jersey Eren,Jaime Jaquez Jr.,DROPPED
2025,12/11/2024,06:00,New Jersey Eren,Keyonte George,WAIVER ADDED
2025,12/10/2024,21:00,Jalen Inc.,Vasilije Micic,DROPPED
2025,12/09/2024,06:00,Jalen Inc.,Vasilije Micic,WAIVER ADDED
2025,12/09/2024,06:00,Jalen Inc.,Rui Hachimura,WAIVER ADDED
2025,12/08/2024,06:00,Team Chigga,Spencer Dinwiddie,WAIVER ADDED
2025,12/06/2024,06:00,Pooh Shaisty,Isaiah Stewart,DROPPED
2025,12/06/2024,06:00,Pooh Shaisty,Julian Champagnie,WAIVER ADDED
2025,12/06/2024,06:00,Pooh Shaisty,Goga Bitadze,WAIVER ADDED
2025,12/06/2024,06:00,New Jersey Eren,Jeremy Sochan,WAIVER ADDED
2025,12/06/2024,06:00,New Jersey Eren,Scotty Pippen Jr.,DROPPED
2025,12/04/2024,06:01,Team Chigga,Malik Beasley,DROPPED
2025,12/04/2024,06:00,The Bronx Orthodox Church,Naji Marshall,DROPPED
2025,12/04/2024,06:00,The Bronx Orthodox Church,Collin Sexton,WAIVER ADDED
2025,12/01/2024,06:00,The Bronx Orthodox Church,Naji Marshall,WAIVER ADDED
2025,12/01/2024,06:00,The Bronx Orthodox Church,Andre Drummond,DROPPED
2025,11/29/2024,23:02,Jalen Inc.,Jake LaRavia,DROPPED
2025,11/29/2024,06:00,Keegan It Real,Ayo Dosunmu,WAIVER ADDED
2025,11/29/2024,06:00,Keegan It Real,Brandon Boston,DROPPED
2025,11/28/2024,14:32,Jalen Inc.,Ty Jerome,DROPPED
2025,11/27/2024,06:00,Jalen Inc.,Ty Jerome,WAIVER ADDED
2025,11/27/2024,06:00,Jalen Inc.,Ochai Agbaji,DROPPED
2025,11/26/2024,20:49,Pooh Shaisty,Grayson Allen,DROPPED
2025,11/25/2024,06:00,Team Chigga,Malik Beasley,WAIVER ADDED
2025,11/24/2024,06:00,Pooh Shaisty,Russell Westbrook,WAIVER ADDED
2025,11/24/2024,06:00,Pooh Shaisty,Brandin Podziemski,DROPPED
2025,11/24/2024,06:00,Jalen Inc.,Andrew Wiggins,WAIVER ADDED
2025,11/24/2024,06:00,Jalen Inc.,Goga Bitadze,DROPPED
2025,11/22/2024,06:00,Paulie Gee's,Andrew Wiggins,DROPPED
2025,11/22/2024,06:00,Paulie Gee's,Donovan Clingan,WAIVER ADDED
2025,11/22/2024,06:00,Jalen Inc.,Kevin Huerter,DROPPED
2025,11/22/2024,06:00,Jalen Inc.,Jake LaRavia,WAIVER ADDED
2025,11/20/2024,06:00,New Jersey Eren,Robert Williams III,WAIVER ADDED
2025,11/20/2024,06:00,New Jersey Eren,Zaccharie Risacher,DROPPED
2025,11/19/2024,11:51,Team Chigga,Royce O'Neale,DROPPED
2025,11/18/2024,06:00,Team Chigga,Jordan Clarkson,WAIVER ADDED
2025,11/18/2024,06:00,Team Chigga,Donte DiVincenzo,DROPPED
2025,11/17/2024,06:00,Keegan It Real,De'Andre Hunter,WAIVER ADDED
2025,11/17/2024,06:00,Who Invited This Kid?,Russell Westbrook,DROPPED
2025,11/17/2024,06:00,Who Invited This Kid?,Jared McCain,WAIVER ADDED
2025,11/15/2024,19:04,Keegan It Real,'26 First Round Pick,TRADED
2025,11/15/2024,19:04,Who Invited This Kid?,Domantas Sabonis,TRADED
2025,11/15/2024,19:04,Keegan It Real,Josh Giddey,TRADED
2025,11/15/2024,19:04,Keegan It Real,Chet Holmgren,TRADED
2025,11/13/2024,06:00,Pooh Shaisty,Isaiah Stewart,WAIVER ADDED
2025,11/13/2024,06:00,Keegan It Real,Brandon Boston,WAIVER ADDED
2025,11/13/2024,06:00,Keegan It Real,Jose Alvarado,DROPPED
2025,11/13/2024,06:00,Pooh Shaisty,Ben Simmons,WAIVER ADDED
2025,11/11/2024,06:00,Jalen Inc.,Goga Bitadze,WAIVER ADDED
2025,11/11/2024,06:00,Jalen Inc.,Rui Hachimura,DROPPED
2025,11/11/2024,06:00,Keegan It Real,Jose Alvarado,WAIVER ADDED
2025,11/11/2024,06:00,Keegan It Real,Tre Mann,DROPPED
2025,11/10/2024,06:00,Team Chigga,Jeremy Sochan,DROPPED
2025,11/10/2024,06:00,Team Chigga,Royce O'Neale,WAIVER ADDED
2025,11/10/2024,06:00,New Jersey Eren,Jordan Hawkins,DROPPED
2025,11/10/2024,06:00,New Jersey Eren,Jaime Jaquez Jr.,WAIVER ADDED
2025,11/08/2024,06:00,Paulie Gee's,Bub Carrington,WAIVER ADDED
2025,11/08/2024,06:00,Who Invited This Kid?,Russell Westbrook,WAIVER ADDED
2025,11/08/2024,06:00,Who Invited This Kid?,Onyeka Okongwu,DROPPED
2025,11/04/2024,06:00,New Jersey Eren,Scotty Pippen Jr.,WAIVER ADDED
2025,11/04/2024,06:00,New Jersey Eren,Jordan Clarkson,DROPPED
2025,11/04/2024,06:00,Team Chigga,Kelly Olynyk,DROPPED
2025,11/04/2024,06:00,Team Chigga,Luguentz Dort,WAIVER ADDED
2025,11/04/2024,06:00,New Jersey Eren,Jordan Hawkins,WAIVER ADDED
2025,11/04/2024,06:00,New Jersey Eren,Wendell Carter Jr.,DROPPED
2025,11/04/2024,06:00,Team Chigga,Tari Eason,WAIVER ADDED
2025,11/04/2024,06:00,Team Chigga,Jaime Jaquez Jr.,DROPPED
2025,11/03/2024,06:00,I Watch Basketbal,Ayo Dosunmu,DROPPED
2025,11/03/2024,06:00,I Watch Basketbal,Dalton Knecht,WAIVER ADDED
2025,11/03/2024,06:00,Jalen Inc.,Russell Westbrook,DROPPED
2025,11/03/2024,06:00,Jalen Inc.,Chris Paul,WAIVER ADDED
2025,11/01/2024,06:00,Jalen Inc.,Ochai Agbaji,WAIVER ADDED
2025,11/01/2024,06:00,Jalen Inc.,Julian Champagnie,DROPPED
2025,11/01/2024,06:00,Keegan It Real,Tre Mann,WAIVER ADDED
2025,11/01/2024,06:00,Keegan It Real,Ben Simmons,DROPPED
2025,11/01/2024,06:00,I Watch Basketbal,Nick Richards,WAIVER ADDED
2025,11/01/2024,06:00,The Bronx Orthodox Church,Dalton Knecht,DROPPED
2025,11/01/2024,06:00,The Bronx Orthodox Church,Payton Pritchard,WAIVER ADDED
2025,10/30/2024,06:00,Who Invited This Kid?,Naz Reid,WAIVER ADDED
2025,10/30/2024,06:00,Jalen Inc.,Trayce Jackson-Davis,DROPPED
2025,10/30/2024,06:00,I Watch Basketbal,Cameron Johnson,WAIVER ADDED
2025,10/30/2024,06:00,Jalen Inc.,Kevin Huerter,WAIVER ADDED
2025,10/28/2024,18:23,Paulie Gee's,'26 First Round Pick,TRADED
2025,10/28/2024,18:23,Paulie Gee's,Reed Sheppard,TRADED
2025,10/28/2024,18:23,Who Invited This Kid?,Amen Thompson,TRADED
2025,10/28/2024,06:00,Team Chigga,Santi Aldama,WAIVER ADDED
2025,10/28/2024,06:00,Team Chigga,Marcus Smart,DROPPED
2025,10/28/2024,06:00,Jalen Inc.,Matas Buzelis,DROPPED
2025,10/28/2024,06:00,Jalen Inc.,Bilal Coulibaly,WAIVER ADDED
2025,10/27/2024,06:00,Paulie Gee's,Andrew Wiggins,WAIVER ADDED
2025,10/27/2024,06:00,Paulie Gee's,Chris Paul,DROPPED
2025,10/27/2024,06:00,Paulie Gee's,Naz Reid,DROPPED
2025,10/27/2024,06:00,Paulie Gee's,Christian Braun,WAIVER ADDED
2025,10/27/2024,06:00,Jalen Inc.,Julian Champagnie,WAIVER ADDED
2025,10/27/2024,06:00,New Jersey Eren,Wendell Carter Jr.,WAIVER ADDED
2025,10/27/2024,06:00,Keegan It Real,Norman Powell,WAIVER ADDED
2025,10/27/2024,06:00,Keegan It Real,Collin Sexton,DROPPED
2025,10/25/2024,06:00,Paulie Gee's,Cameron Johnson,DROPPED
2025,10/25/2024,06:00,Paulie Gee's,Gradey Dick,WAIVER ADDED
2025,10/25/2024,06:00,Who Invited This Kid?,Rob Dillingham,DROPPED
2025,10/25/2024,06:00,Who Invited This Kid?,Dyson Daniels,WAIVER ADDED
2025,10/25/2024,06:00,Who Invited This Kid?,Onyeka Okongwu,WAIVER ADDED
2025,10/25/2024,06:00,Who Invited This Kid?,Donovan Clingan,DROPPED
2025,10/23/2024,06:00,Team Chigga,Jeremy Sochan,WAIVER ADDED
2025,10/23/2024,06:00,Jalen Inc.,Rui Hachimura,WAIVER ADDED
2025,10/23/2024,06:00,Jalen Inc.,Lonzo Ball,DROPPED
2025,10/23/2024,06:00,Team Chigga,Marcus Smart,WAIVER ADDED
2025,10/20/2024,06:00,Paulie Gee's,Cameron Johnson,WAIVER ADDED
2025,10/20/2024,06:00,Paulie Gee's,Andrew Wiggins,DROPPED
2025,10/20/2024,06:00,Who Invited This Kid?,Keyonte George,WAIVER ADDED
2025,10/20/2024,06:00,New Jersey Eren,Jordan Clarkson,WAIVER ADDED
2025,10/18/2024,06:00,Keegan It Real,Bennedict Mathurin,WAIVER ADDED
2025,10/18/2024,06:00,Keegan It Real,Kevin Porter Jr.,WAIVER ADDED
2025,10/18/2024,06:00,Paulie Gee's,Andrew Wiggins,WAIVER ADDED
2025,10/18/2024,06:00,Jalen Inc.,Lonzo Ball,WAIVER ADDED
2025,10/17/2024,19:15,The Bronx Orthodox Church,Michael Porter Jr.,KEEPER
2025,10/17/2024,19:15,Pooh Shaisty,Shai Gilgeous-Alexander,KEEPER
2025,10/17/2024,19:15,Keegan It Real,Mikal Bridges,KEEPER
2025,10/17/2024,19:15,I Watch Basketbal,Jarrett Allen,KEEPER
2025,10/17/2024,19:15,Jalen Inc.,Trayce Jackson-Davis,KEEPER
2025,10/17/2024,19:15,Team Chigga,Trey Murphy III,KEEPER
2025,10/17/2024,19:15,For All the bullDawgs,Bobby Portis,KEEPER
2025,10/17/2024,19:15,Paulie Gee's,Tyrese Maxey,KEEPER
2025,10/17/2024,19:15,Who Invited This Kid?,Shaedon Sharpe,KEEPER
2025,10/17/2024,19:15,New Jersey Eren,Tyus Jones,KEEPER
2025,10/17/2024,19:15,The Bronx Orthodox Church,Malik Monk,KEEPER
2025,10/17/2024,19:15,Pooh Shaisty,Keldon Johnson,KEEPER
2025,10/17/2024,19:15,Keegan It Real,Karl-Anthony Towns,KEEPER
2025,10/17/2024,19:15,I Watch Basketbal,Luka Doncic,KEEPER
2025,10/17/2024,19:15,Jalen Inc.,Jalen Johnson,KEEPER
2025,10/17/2024,19:15,Team Chigga,Aaron Gordon,KEEPER
2025,10/17/2024,19:15,For All the bullDawgs,Jusuf Nurkic,KEEPER
2025,10/17/2024,19:15,Paulie Gee's,Devin Booker,KEEPER
2025,10/17/2024,19:15,Who Invited This Kid?,Jonathan Kuminga,KEEPER
2025,10/17/2024,19:15,New Jersey Eren,Pascal Siakam,KEEPER
2025,10/17/2024,19:15,New Jersey Eren,Darius Garland,KEEPER
2025,10/17/2024,19:15,I Watch Basketbal,Brandon Ingram,KEEPER
2025,10/17/2024,19:15,Who Invited This Kid?,Anthony Edwards,KEEPER
2025,10/17/2024,19:15,The Bronx Orthodox Church,D'Angelo Russell,KEEPER
2025,10/17/2024,19:15,New Jersey Eren,Joel Embiid,KEEPER
2025,10/17/2024,19:15,Pooh Shaisty,Kevin Durant,KEEPER
2025,10/17/2024,19:15,Keegan It Real,Chet Holmgren,KEEPER
2025,10/17/2024,19:15,I Watch Basketbal,Brandon Miller,KEEPER
2025,10/17/2024,19:15,Jalen Inc.,Cade Cunningham,KEEPER
2025,10/17/2024,19:15,Team Chigga,Mike Conley,KEEPER
2025,10/17/2024,19:15,For All the bullDawgs,Deni Avdija,KEEPER
2025,10/17/2024,19:15,Paulie Gee's,RJ Barrett,KEEPER
2025,10/17/2024,19:15,Who Invited This Kid?,Franz Wagner,KEEPER
2025,10/17/2024,19:15,The Bronx Orthodox Church,Brook Lopez,KEEPER
2025,10/17/2024,19:15,New Jersey Eren,Jalen Brunson,KEEPER
2025,10/17/2024,19:15,Pooh Shaisty,Tobias Harris,KEEPER
2025,10/17/2024,19:15,Keegan It Real,Jamal Murray,KEEPER
2025,10/17/2024,19:15,I Watch Basketbal,Herbert Jones,KEEPER
2025,10/17/2024,19:15,Jalen Inc.,Austin Reaves,KEEPER
2025,10/17/2024,19:15,Team Chigga,Paul George,KEEPER
2025,10/17/2024,19:15,For All the bullDawgs,DeMar DeRozan,KEEPER
2025,10/17/2024,19:15,Paulie Gee's,Julius Randle,KEEPER
2025,10/17/2024,19:15,The Bronx Orthodox Church,Anfernee Simons,KEEPER
2025,10/17/2024,19:15,Pooh Shaisty,Josh Hart,KEEPER
2025,10/17/2024,19:15,Pooh Shaisty,Jaren Jackson Jr.,KEEPER
2025,10/17/2024,19:15,Keegan It Real,De'Aaron Fox,KEEPER
2025,10/17/2024,19:15,I Watch Basketbal,Terry Rozier,KEEPER
2025,10/17/2024,19:15,Keegan It Real,Devin Vassell,KEEPER
2025,10/17/2024,19:15,Pooh Shaisty,Jonas Valanciunas,KEEPER
2025,10/17/2024,19:15,New Jersey Eren,Giannis Antetokounmpo,KEEPER
2025,10/17/2024,19:15,The Bronx Orthodox Church,Lauri Markkanen,KEEPER
2025,10/17/2024,19:15,Who Invited This Kid?,Immanuel Quickley,KEEPER
2025,10/17/2024,19:15,Paulie Gee's,Jalen Green,KEEPER
2025,10/17/2024,19:15,For All the bullDawgs,Clint Capela,KEEPER
2025,10/17/2024,19:15,Team Chigga,Nikola Vucevic,KEEPER
2025,10/17/2024,19:15,Jalen Inc.,Isaiah Hartenstein,KEEPER
2025,10/17/2024,19:15,I Watch Basketbal,LeBron James,KEEPER
2025,10/17/2024,19:15,Keegan It Real,Scottie Barnes,KEEPER
2025,10/17/2024,19:15,Pooh Shaisty,Klay Thompson,KEEPER
2025,10/17/2024,19:15,New Jersey Eren,Desmond Bane,KEEPER
2025,10/17/2024,19:15,The Bronx Orthodox Church,Kristaps Porzingis,KEEPER
2025,10/17/2024,19:15,Who Invited This Kid?,Paolo Banchero,KEEPER
2025,10/17/2024,19:15,Paulie Gee's,Zion Williamson,KEEPER
2025,10/17/2024,19:15,For All the bullDawgs,Jimmy Butler III,KEEPER
2025,10/17/2024,19:15,Team Chigga,Jayson Tatum,KEEPER
2025,10/17/2024,19:15,Jalen Inc.,Jalen Williams,KEEPER
2025,10/17/2024,19:15,Team Chigga,Derrick White,KEEPER
2025,10/17/2024,19:15,For All the bullDawgs,Zach Edey,DRAFTED
2025,10/17/2024,19:15,Keegan It Real,Evan Mobley,KEEPER
2025,10/17/2024,19:15,I Watch Basketbal,Alex Caruso,KEEPER
2025,10/17/2024,19:15,Jalen Inc.,Jaylen Brown,KEEPER
2025,10/17/2024,19:15,Team Chigga,Donte DiVincenzo,KEEPER
2025,10/17/2024,19:15,For All the bullDawgs,Damian Lillard,KEEPER
2025,10/17/2024,19:15,Paulie Gee's,Tyler Herro,KEEPER
2025,10/17/2024,19:15,Who Invited This Kid?,Rudy Gobert,KEEPER
2025,10/17/2024,19:15,The Bronx Orthodox Church,Jrue Holiday,KEEPER
2025,10/17/2024,19:15,New Jersey Eren,Cam Thomas,KEEPER
2025,10/17/2024,19:15,I Watch Basketbal,Jabari Smith Jr.,KEEPER
2025,10/17/2024,19:15,Paulie Gee's,Reed Sheppard,DRAFTED
2025,10/17/2024,19:15,Keegan It Real,Collin Sexton,DRAFTED
2025,10/17/2024,19:15,Paulie Gee's,Kyrie Irving,KEEPER
2025,10/17/2024,19:15,Jalen Inc.,Bam Adebayo,KEEPER
2025,10/17/2024,19:15,I Watch Basketbal,Buddy Hield,DRAFTED
2025,10/17/2024,19:15,New Jersey Eren,Alex Sarr,DRAFTED
2025,10/17/2024,19:15,Pooh Shaisty,Grayson Allen,DRAFTED
2025,10/17/2024,19:15,The Bronx Orthodox Church,Dalton Knecht,DRAFTED
2025,10/17/2024,19:15,Who Invited This Kid?,Stephon Castle,DRAFTED
2025,10/17/2024,19:15,Who Invited This Kid?,Domantas Sabonis,KEEPER
2025,10/17/2024,19:15,Keegan It Real,Josh Giddey,KEEPER
2025,10/17/2024,19:15,For All the bullDawgs,James Harden,KEEPER
2025,10/17/2024,19:15,Jalen Inc.,Dejounte Murray,KEEPER
2025,10/17/2024,19:15,For All the bullDawgs,John Collins,KEEPER
2025,10/17/2024,19:15,Paulie Gee's,Scoot Henderson,KEEPER
2025,10/17/2024,19:15,Who Invited This Kid?,Jordan Poole,KEEPER
2025,10/17/2024,19:15,The Bronx Orthodox Church,Anthony Davis,KEEPER
2025,10/17/2024,19:15,New Jersey Eren,Mark Williams,KEEPER
2025,10/17/2024,19:15,Paulie Gee's,Naz Reid,DRAFTED
2025,10/17/2024,19:15,Paulie Gee's,Chris Paul,DRAFTED
2025,10/17/2024,19:15,Who Invited This Kid?,Donovan Clingan,DRAFTED
2025,10/17/2024,19:15,The Bronx Orthodox Church,Dennis Schroder,DRAFTED
2025,10/17/2024,19:15,Pooh Shaisty,Brandin Podziemski,DRAFTED
2025,10/17/2024,19:15,New Jersey Eren,Jerami Grant,DRAFTED
2025,10/17/2024,19:15,Team Chigga,Bogdan Bogdanovic,KEEPER
2025,10/17/2024,19:15,Keegan It Real,Khris Middleton,DRAFTED
2025,10/17/2024,19:15,Jalen Inc.,Matas Buzelis,DRAFTED
2025,10/17/2024,19:15,Team Chigga,Caris LeVert,DRAFTED
2025,10/17/2024,19:15,For All the bullDawgs,Jalen Suggs,DRAFTED
2025,10/17/2024,19:15,For All the bullDawgs,Draymond Green,DRAFTED
2025,10/17/2024,19:15,Who Invited This Kid?,Rob Dillingham,DRAFTED
2025,10/17/2024,19:15,The Bronx Orthodox Church,Andre Drummond,DRAFTED
2025,10/17/2024,19:15,Pooh Shaisty,Kelly Oubre Jr.,DRAFTED
2025,10/17/2024,19:15,New Jersey Eren,Zaccharie Risacher,DRAFTED
2025,10/17/2024,19:15,I Watch Basketbal,Ayo Dosunmu,DRAFTED
2025,10/17/2024,19:15,Keegan It Real,Ben Simmons,DRAFTED
2025,10/17/2024,19:15,Jalen Inc.,Dereck Lively II,DRAFTED
2025,10/17/2024,19:15,Team Chigga,Kelly Olynyk,DRAFTED
2025,10/17/2024,19:15,Team Chigga,Jaime Jaquez Jr.,DRAFTED
2025,10/17/2024,19:15,Pooh Shaisty,Nic Claxton,KEEPER
2025,10/17/2024,19:15,Team Chigga,OG Anunoby,KEEPER
2025,10/17/2024,19:15,I Watch Basketbal,P.J. Washington,DRAFTED
2025,10/17/2024,19:15,I Watch Basketbal,Fred VanVleet,KEEPER
2025,10/17/2024,19:15,Paulie Gee's,Myles Turner,KEEPER
2025,10/17/2024,19:15,Jalen Inc.,Walker Kessler,KEEPER
2025,10/17/2024,19:15,Keegan It Real,Keegan Murray,KEEPER
2025,10/17/2024,19:15,For All the bullDawgs,Kawhi Leonard,KEEPER
2025,10/17/2024,19:15,Paulie Gee's,Ja Morant,KEEPER
2025,10/17/2024,19:15,Who Invited This Kid?,Jaden Ivey,KEEPER
2025,10/17/2024,19:15,The Bronx Orthodox Church,Miles Bridges,KEEPER
2025,10/17/2024,19:15,New Jersey Eren,Alperen Sengun,KEEPER
2025,10/17/2024,19:15,Pooh Shaisty,Deandre Ayton,KEEPER
2025,10/17/2024,19:15,Keegan It Real,Nikola Jokic,KEEPER
2025,10/17/2024,19:15,I Watch Basketbal,Ivica Zubac,KEEPER
2025,10/17/2024,19:15,Jalen Inc.,CJ McCollum,KEEPER
2025,10/17/2024,19:15,Team Chigga,Daniel Gafford,KEEPER
2025,10/17/2024,19:15,For All the bullDawgs,Jakob Poeltl,KEEPER
2025,10/17/2024,19:15,Jalen Inc.,Russell Westbrook,DRAFTED
2025,10/17/2024,19:15,Who Invited This Kid?,LaMelo Ball,KEEPER
2025,10/17/2024,19:15,The Bronx Orthodox Church,Kyle Kuzma,KEEPER
2025,10/17/2024,19:15,New Jersey Eren,Zach LaVine,KEEPER
2025,10/17/2024,19:15,Pooh Shaisty,Coby White,KEEPER
2025,10/17/2024,19:15,Keegan It Real,Victor Wembanyama,KEEPER
2025,10/17/2024,19:15,I Watch Basketbal,Ausar Thompson,KEEPER
2025,10/17/2024,19:15,Jalen Inc.,Donovan Mitchell,KEEPER
2025,10/17/2024,19:15,Team Chigga,Tyrese Haliburton,KEEPER
2025,10/17/2024,19:15,For All the bullDawgs,Bradley Beal,KEEPER
2025,10/17/2024,19:15,Paulie Gee's,Jalen Duren,KEEPER
2025,10/17/2024,19:15,Who Invited This Kid?,Amen Thompson,KEEPER
2025,10/17/2024,19:15,The Bronx Orthodox Church,Malcolm Brogdon,KEEPER
2025,10/17/2024,19:15,New Jersey Eren,Stephen Curry,KEEPER
2025,10/17/2024,19:15,Pooh Shaisty,Trae Young,KEEPER
2025,10/17/2024,15:27,Team Chigga,Brandon Clarke,DROPPED
2025,10/17/2024,15:24,Team Chigga,Miles McBride,DROPPED
2025,10/17/2024,15:24,Team Chigga,Rui Hachimura,DROPPED
2025,10/17/2024,15:05,Who Invited This Kid?,Collin Sexton,DROPPED
2025,10/17/2024,14:37,Pooh Shaisty,Saddiq Bey,DROPPED
2025,10/17/2024,14:31,New Jersey Eren,Jaime Jaquez Jr.,DROPPED
2025,10/17/2024,14:30,New Jersey Eren,Dennis Schroder,DROPPED
2025,10/16/2024,18:17,Who Invited This Kid?,Keyonte George,DROPPED
2025,10/16/2024,01:11,Jalen Inc.,Kelly Oubre Jr.,DROPPED
2025,10/16/2024,01:10,Jalen Inc.,GG Jackson,DROPPED
2025,10/16/2024,00:51,For All the bullDawgs,Caris LeVert,DROPPED
2025,10/16/2024,00:50,New Jersey Eren,Jusuf Nurkic,TRADED
2025,10/16/2024,00:23,For All the bullDawgs,Cameron Johnson,DROPPED
2025,10/16/2024,00:21,For All the bullDawgs,Jeremy Sochan,DROPPED
2025,10/16/2024,00:19,For All the bullDawgs,Max Strus,DROPPED
2025,10/16/2024,00:09,For All the bullDawgs,De'Andre Hunter,DROPPED
2025,10/16/2024,00:08,For All the bullDawgs,Mitchell Robinson,DROPPED
2025,10/15/2024,21:46,Who Invited This Kid?,Jerami Grant,DROPPED
2025,10/15/2024,21:45,Who Invited This Kid?,Onyeka Okongwu,DROPPED
2025,10/09/2024,17:12,Keegan It Real,Kelly Olynyk,DROPPED
2025,10/09/2024,17:11,I Watch Basketbal,Gary Trent Jr.,DROPPED
2025,10/09/2024,17:10,Who Invited This Kid?,Andrew Wiggins,DROPPED
2025,07/24/2024,18:48,Paulie Gee's,Tari Eason,DROPPED
2025,07/16/2024,11:57,New Jersey Eren,Fred VanVleet,TRADED
2025,07/16/2024,11:57,I Watch Basketbal,Stephen Curry,TRADED
2025,07/15/2024,23:16,New Jersey Eren,Bennedict Mathurin,DROPPED
2025,07/15/2024,23:10,New Jersey Eren,Ben Simmons,DROPPED
2025,07/15/2024,22:52,Jalen Inc.,Dalano Banton,DROPPED
2024,06/14/2024,21:55,For All the bullDawgs,'25 Second Round Pick,TRADED
2024,06/14/2024,21:55,Paulie Gee's,'25 Third Round Pick,TRADED
2024,06/14/2024,21:55,Paulie Gee's,Deni Avdija,TRADED
2024,05/03/2024,06:00,New Jersey Eren,Jaime Jaquez Jr.,WAIVER ADDED
2024,05/03/2024,06:00,New Jersey Eren,Lonzo Ball,DROPPED
2024,04/08/2024,06:00,For All the bullDawgs,Jaime Jaquez Jr.,DROPPED
2024,04/08/2024,06:00,For All the bullDawgs,Al Horford,WAIVER ADDED
2024,04/07/2024,06:00,Paulie Gee's,P.J. Washington,WAIVER ADDED
2024,04/07/2024,06:00,New Jersey Eren,Jusuf Nurkic,WAIVER ADDED
2024,04/07/2024,06:00,New Jersey Eren,Spencer Dinwiddie,DROPPED
2024,04/06/2024,03:22,Team Chigga,Kyle Anderson,DROPPED
2024,04/06/2024,01:46,Paulie Gee's,Jeremy Sochan,TRADED
2024,04/06/2024,01:46,Paulie Gee's,Kawhi Leonard,TRADED
2024,04/06/2024,01:46,For All the bullDawgs,Kyrie Irving,TRADED
2024,04/05/2024,06:00,Team Chigga,Brandon Clarke,WAIVER ADDED
2024,04/05/2024,06:00,Team Chigga,Jusuf Nurkic,DROPPED
2024,04/05/2024,06:00,NYC Chopp Cheese,Dalano Banton,WAIVER ADDED
2024,04/03/2024,11:11,NYC Chopp Cheese,Marvin Bagley III,DROPPED
2024,04/01/2024,06:00,Keegan It Real,Jalen Suggs,WAIVER ADDED
2024,04/01/2024,06:00,Keegan It Real,Sam Hauser,DROPPED
2024,04/01/2024,06:00,Team Chigga,Duncan Robinson,DROPPED
2024,04/01/2024,06:00,Team Chigga,Jusuf Nurkic,WAIVER ADDED
2024,03/31/2024,17:44,Team Chigga,Jusuf Nurkic,DROPPED
2024,03/31/2024,06:00,Keegan It Real,Kelly Olynyk,WAIVER ADDED
2024,03/31/2024,06:00,NYC Chopp Cheese,Payton Pritchard,DROPPED
2024,03/31/2024,06:00,NYC Chopp Cheese,Trayce Jackson-Davis,WAIVER ADDED
2024,03/31/2024,06:00,Paulie Gee's,Jonathan Isaac,DROPPED
2024,03/31/2024,06:00,Keegan It Real,Jalen Suggs,DROPPED
2024,03/31/2024,06:00,Keegan It Real,Tre Jones,WAIVER ADDED
2024,03/31/2024,06:00,Paulie Gee's,Deni Avdija,WAIVER ADDED
2024,03/31/2024,06:00,Keegan It Real,Al Horford,DROPPED
2024,03/29/2024,19:01,NYC Chopp Cheese,Trayce Jackson-Davis,DROPPED
2024,03/29/2024,06:00,Keegan It Real,Jalen Suggs,WAIVER ADDED
2024,03/29/2024,06:00,Keegan It Real,Deni Avdija,DROPPED
2024,03/29/2024,06:00,Team Chigga,Kyle Anderson,WAIVER ADDED
2024,03/29/2024,06:00,Team Chigga,Buddy Hield,DROPPED
2024,03/29/2024,06:00,Team Chigga,Miles McBride,WAIVER ADDED
2024,03/28/2024,21:01,Team Chigga,Marcus Smart,DROPPED
2024,03/27/2024,06:00,Keegan It Real,Santi Aldama,WAIVER ADDED
2024,03/27/2024,06:00,Keegan It Real,Al Horford,WAIVER ADDED
2024,03/27/2024,06:00,Keegan It Real,Dalano Banton,DROPPED
2024,03/27/2024,06:00,Keegan It Real,Sam Hauser,WAIVER ADDED
2024,03/27/2024,06:00,Keegan It Real,Tre Jones,DROPPED
2024,03/27/2024,06:00,Keegan It Real,Tre Mann,DROPPED
2024,03/25/2024,06:00,NYC Chopp Cheese,Precious Achiuwa,DROPPED
2024,03/25/2024,06:00,I Watch Basketbal,Wendell Carter Jr.,DROPPED
2024,03/25/2024,06:00,I Watch Basketbal,Gary Trent Jr.,WAIVER ADDED
2024,03/25/2024,06:00,NYC Chopp Cheese,Payton Pritchard,WAIVER ADDED
2024,03/25/2024,06:00,NYC Chopp Cheese,Kelly Olynyk,DROPPED
2024,03/25/2024,06:00,NYC Chopp Cheese,GG Jackson,WAIVER ADDED
2024,03/20/2024,06:00,Paulie Gee's,Jonathan Isaac,WAIVER ADDED
2024,03/20/2024,06:00,Paulie Gee's,Gradey Dick,DROPPED
2024,03/20/2024,06:00,NYC Chopp Cheese,Trayce Jackson-Davis,WAIVER ADDED
2024,03/20/2024,06:00,NYC Chopp Cheese,Paul Reed,DROPPED
2024,03/20/2024,06:00,NYC Chopp Cheese,Isaiah Hartenstein,WAIVER ADDED
2024,03/20/2024,06:00,New Jersey Eren,Mark Williams,WAIVER ADDED
2024,03/20/2024,06:00,New Jersey Eren,Vince Williams Jr.,DROPPED
2024,03/18/2024,06:00,Keegan It Real,Dalano Banton,WAIVER ADDED
2024,03/18/2024,06:00,Keegan It Real,Vasilije Micic,DROPPED
2024,03/18/2024,06:00,Paulie Gee's,Russell Westbrook,WAIVER ADDED
2024,03/18/2024,06:00,Paulie Gee's,Kyle Lowry,DROPPED
2024,03/17/2024,06:00,The Bronx Orthodox Church,Bilal Coulibaly,WAIVER ADDED
2024,03/17/2024,06:00,The Bronx Orthodox Church,Corey Kispert,WAIVER ADDED
2024,03/17/2024,06:00,NYC Chopp Cheese,Paul Reed,WAIVER ADDED
2024,03/17/2024,06:00,Keegan It Real,Vasilije Micic,WAIVER ADDED
2024,03/17/2024,06:00,Keegan It Real,Mark Williams,DROPPED
2024,03/17/2024,06:00,The Bronx Orthodox Church,Isaac Okoro,DROPPED
2024,03/17/2024,06:00,NYC Chopp Cheese,Aaron Nesmith,DROPPED
2024,03/15/2024,19:23,The Bronx Orthodox Church,Russell Westbrook,DROPPED
2024,03/15/2024,06:00,New Jersey Eren,Spencer Dinwiddie,WAIVER ADDED
2024,03/15/2024,06:00,The Bronx Orthodox Church,Norman Powell,WAIVER ADDED
2024,03/15/2024,06:00,The Bronx Orthodox Church,Paul Reed,DROPPED
2024,03/15/2024,06:00,The Bronx Orthodox Church,Santi Aldama,DROPPED
2024,03/15/2024,06:00,The Bronx Orthodox Church,Bruce Brown,WAIVER ADDED
2024,03/15/2024,06:00,New Jersey Eren,Jalen Suggs,DROPPED
2024,03/15/2024,06:00,I Watch Basketbal,Wendell Carter Jr.,WAIVER ADDED
2024,03/15/2024,06:00,New Jersey Eren,P.J. Washington,DROPPED
2024,03/15/2024,06:00,New Jersey Eren,Ben Simmons,WAIVER ADDED
2024,03/14/2024,01:49,I Watch Basketbal,Ben Simmons,DROPPED
2024,03/13/2024,06:00,Pooh Shaisty,Luguentz Dort,WAIVER ADDED
2024,03/13/2024,06:00,The Bronx Orthodox Church,Paul Reed,WAIVER ADDED
2024,03/13/2024,06:00,New Jersey Eren,Nick Richards,DROPPED
2024,03/13/2024,06:00,New Jersey Eren,Lonzo Ball,WAIVER ADDED
2024,03/13/2024,06:00,The Bronx Orthodox Church,Cam Whitmore,DROPPED
2024,03/13/2024,06:00,The Bronx Orthodox Church,Isaiah Hartenstein,DROPPED
2024,03/13/2024,06:00,The Bronx Orthodox Church,Santi Aldama,WAIVER ADDED
2024,03/11/2024,06:00,New Jersey Eren,Terance Mann,DROPPED
2024,03/11/2024,06:00,New Jersey Eren,Nick Richards,WAIVER ADDED
2024,03/10/2024,06:00,The Bronx Orthodox Church,GG Jackson,DROPPED
2024,03/10/2024,06:00,The Bronx Orthodox Church,Isaac Okoro,WAIVER ADDED
2024,03/10/2024,06:00,Keegan It Real,Naz Reid,WAIVER ADDED
2024,03/10/2024,06:00,Keegan It Real,Ochai Agbaji,DROPPED
2024,03/08/2024,06:00,The Bronx Orthodox Church,Isaiah Hartenstein,WAIVER ADDED
2024,03/08/2024,06:00,Paulie Gee's,Gordon Hayward,DROPPED
2024,03/08/2024,06:00,Paulie Gee's,Tari Eason,WAIVER ADDED
2024,03/08/2024,06:00,The Bronx Orthodox Church,Cole Anthony,WAIVER ADDED
2024,03/06/2024,06:00,Keegan It Real,Tari Eason,DROPPED
2024,03/06/2024,06:00,Keegan It Real,Ochai Agbaji,WAIVER ADDED
2024,03/04/2024,06:00,NYC Chopp Cheese,Kelly Olynyk,WAIVER ADDED
2024,03/04/2024,06:00,NYC Chopp Cheese,Spencer Dinwiddie,DROPPED
2024,03/03/2024,06:00,New Jersey Eren,Terance Mann,WAIVER ADDED
2024,03/03/2024,06:00,New Jersey Eren,Bojan Bogdanovic,DROPPED
2024,03/03/2024,06:00,New Jersey Eren,P.J. Washington,WAIVER ADDED
2024,03/03/2024,06:00,New Jersey Eren,Isaiah Hartenstein,DROPPED
2024,03/01/2024,06:00,Team Chigga,Trey Murphy III,WAIVER ADDED
2024,03/01/2024,06:00,Team Chigga,Markelle Fultz,DROPPED
2024,02/28/2024,14:01,Pooh Shaisty,Tim Hardaway Jr.,DROPPED
2024,02/28/2024,06:00,NYC Chopp Cheese,Marvin Bagley III,WAIVER ADDED
2024,02/28/2024,06:00,Paulie Gee's,Grant Williams,DROPPED
2024,02/28/2024,06:00,Paulie Gee's,Gradey Dick,WAIVER ADDED
2024,02/26/2024,06:00,Pooh Shaisty,Kevin Huerter,WAIVER ADDED
2024,02/25/2024,06:00,Team Chigga,Duncan Robinson,WAIVER ADDED
2024,02/25/2024,06:00,Team Chigga,Rui Hachimura,WAIVER ADDED
2024,02/25/2024,06:00,Team Chigga,Alec Burks,DROPPED
2024,02/25/2024,06:00,Team Chigga,Dennis Smith Jr.,DROPPED
2024,02/23/2024,06:00,Paulie Gee's,Kyle Lowry,WAIVER ADDED
2024,02/21/2024,06:00,Paulie Gee's,Grant Williams,WAIVER ADDED
2024,02/21/2024,06:00,Paulie Gee's,P.J. Washington,DROPPED
2024,02/19/2024,23:56,For All the bullDawgs,Myles Turner,TRADED
2024,02/19/2024,23:56,Paulie Gee's,DeMar DeRozan,TRADED
2024,02/19/2024,23:56,For All the bullDawgs,Tyler Herro,TRADED
2024,02/19/2024,23:56,Paulie Gee's,Jaime Jaquez Jr.,TRADED
2024,02/19/2024,23:56,Paulie Gee's,Cameron Johnson,TRADED
2024,02/18/2024,06:00,The Bronx Orthodox Church,GG Jackson,WAIVER ADDED
2024,02/18/2024,06:00,The Bronx Orthodox Church,Lonnie Walker IV,DROPPED
2024,02/14/2024,06:00,Keegan It Real,Corey Kispert,DROPPED
2024,02/14/2024,06:00,Keegan It Real,Tre Mann,WAIVER ADDED
2024,02/12/2024,06:00,Who Invited This Kid?,Keyonte George,WAIVER ADDED
2024,02/12/2024,06:00,New Jersey Eren,Jalen Suggs,WAIVER ADDED
2024,02/11/2024,21:20,Who Invited This Kid?,Tyus Jones,TRADED
2024,02/11/2024,21:20,New Jersey Eren,Rudy Gobert,TRADED
2024,02/11/2024,21:20,New Jersey Eren,Shaedon Sharpe,TRADED
2024,02/11/2024,21:20,Who Invited This Kid?,Pascal Siakam,TRADED
2024,02/11/2024,21:20,New Jersey Eren,Jerami Grant,TRADED
2024,02/11/2024,06:00,Keegan It Real,Kevin Huerter,DROPPED
2024,02/11/2024,06:00,Keegan It Real,Corey Kispert,WAIVER ADDED
2024,02/09/2024,16:51,Paulie Gee's,Jaden Ivey,TRADED
2024,02/09/2024,16:51,Who Invited This Kid?,RJ Barrett,TRADED
2024,02/09/2024,06:00,Keegan It Real,Kevin Huerter,WAIVER ADDED
2024,02/09/2024,06:00,Keegan It Real,Nick Richards,DROPPED
2024,02/07/2024,08:46,Who Invited This Kid?,Paul Reed,DROPPED
2024,02/07/2024,06:00,Paulie Gee's,Kevin Huerter,DROPPED
2024,02/07/2024,06:00,Paulie Gee's,Cameron Johnson,WAIVER ADDED
2024,02/06/2024,18:40,NYC Chopp Cheese,Bruce Brown,DROPPED
2024,02/04/2024,06:00,NYC Chopp Cheese,Bruce Brown,WAIVER ADDED
2024,02/04/2024,06:00,I Watch Basketbal,Brandin Podziemski,WAIVER ADDED
2024,02/04/2024,06:00,Who Invited This Kid?,Paul Reed,WAIVER ADDED
2024,02/04/2024,06:00,I Watch Basketbal,Duncan Robinson,DROPPED
2024,02/04/2024,06:00,NYC Chopp Cheese,Cameron Johnson,DROPPED
2024,02/02/2024,06:00,Team Chigga,Naz Reid,DROPPED
2024,02/02/2024,06:00,NYC Chopp Cheese,Precious Achiuwa,WAIVER ADDED
2024,02/02/2024,06:00,NYC Chopp Cheese,Wendell Carter Jr.,DROPPED
2024,02/02/2024,06:00,Team Chigga,Markelle Fultz,WAIVER ADDED
2024,02/02/2024,06:00,Who Invited This Kid?,Keyonte George,WAIVER ADDED
2024,01/31/2024,06:00,Keegan It Real,Nick Richards,WAIVER ADDED
2024,01/31/2024,06:00,Keegan It Real,Isaiah Stewart,DROPPED
2024,01/31/2024,06:00,NYC Chopp Cheese,Brandin Podziemski,DROPPED
2024,01/31/2024,06:00,NYC Chopp Cheese,Ayo Dosunmu,WAIVER ADDED
2024,01/31/2024,06:00,The Bronx Orthodox Church,Bruce Brown,DROPPED
2024,01/31/2024,06:00,The Bronx Orthodox Church,Cam Whitmore,WAIVER ADDED
2024,01/29/2024,06:00,NYC Chopp Cheese,Kelly Oubre Jr.,WAIVER ADDED
2024,01/28/2024,12:10,NYC Chopp Cheese,T.J. McConnell,DROPPED
2024,01/28/2024,06:00,NYC Chopp Cheese,Duop Reath,DROPPED
2024,01/28/2024,06:00,NYC Chopp Cheese,Aaron Nesmith,WAIVER ADDED
2024,01/28/2024,06:00,Pooh Shaisty,Josh Hart,WAIVER ADDED
2024,01/28/2024,06:00,Pooh Shaisty,Malik Beasley,DROPPED
2024,01/26/2024,06:00,Team Chigga,Alec Burks,WAIVER ADDED
2024,01/26/2024,06:00,Keegan It Real,Jalen Suggs,DROPPED
2024,01/26/2024,06:00,Pooh Shaisty,Tim Hardaway Jr.,WAIVER ADDED
2024,01/26/2024,06:00,Keegan It Real,Isaiah Stewart,WAIVER ADDED
2024,01/24/2024,18:30,Who Invited This Kid?,Trey Murphy III,DROPPED
2024,01/24/2024,06:00,NYC Chopp Cheese,Wendell Carter Jr.,WAIVER ADDED
2024,01/24/2024,06:00,NYC Chopp Cheese,Andre Drummond,DROPPED
2024,01/24/2024,06:00,NYC Chopp Cheese,Kelly Oubre Jr.,DROPPED
2024,01/24/2024,06:00,NYC Chopp Cheese,Duop Reath,WAIVER ADDED
2024,01/22/2024,14:32,Who Invited This Kid?,Keyonte George,DROPPED
2024,01/22/2024,06:00,I Watch Basketbal,Luguentz Dort,DROPPED
2024,01/22/2024,06:00,I Watch Basketbal,Alex Caruso,WAIVER ADDED
2024,01/20/2024,02:39,Team Chigga,Kevin Love,DROPPED
2024,01/19/2024,06:00,Paulie Gee's,Kevin Huerter,WAIVER ADDED
2024,01/15/2024,06:00,New Jersey Eren,Vince Williams Jr.,WAIVER ADDED
2024,01/15/2024,06:00,New Jersey Eren,De'Anthony Melton,DROPPED
2024,01/15/2024,06:00,Team Chigga,Kyle Lowry,DROPPED
2024,01/15/2024,06:00,Team Chigga,Buddy Hield,WAIVER ADDED
2024,01/14/2024,06:00,Who Invited This Kid?,Jonathan Kuminga,WAIVER ADDED
2024,01/12/2024,15:04,Who Invited This Kid?,Buddy Hield,DROPPED
2024,01/11/2024,16:31,The Bronx Orthodox Church,Cole Anthony,DROPPED
2024,01/10/2024,06:00,Team Chigga,Kevin Love,WAIVER ADDED
2024,01/10/2024,06:00,Team Chigga,Markelle Fultz,DROPPED
2024,01/10/2024,06:00,Team Chigga,Donte DiVincenzo,WAIVER ADDED
2024,01/10/2024,06:00,NYC Chopp Cheese,T.J. McConnell,WAIVER ADDED
2024,01/10/2024,06:00,Keegan It Real,Simone Fontecchio,DROPPED
2024,01/10/2024,06:00,Team Chigga,Dennis Smith Jr.,WAIVER ADDED
2024,01/10/2024,06:00,Keegan It Real,Tre Jones,WAIVER ADDED
2024,01/10/2024,00:19,Team Chigga,Santi Aldama,DROPPED
2024,01/08/2024,14:46,Team Chigga,Royce O'Neale,DROPPED
2024,01/08/2024,06:00,I Watch Basketbal,Kentavious Caldwell-Pope,DROPPED
2024,01/08/2024,06:00,I Watch Basketbal,Luguentz Dort,WAIVER ADDED
2024,01/08/2024,06:00,Who Invited This Kid?,Jordan Poole,WAIVER ADDED
2024,01/08/2024,06:00,Who Invited This Kid?,Jaden McDaniels,DROPPED
2024,01/07/2024,06:00,NYC Chopp Cheese,Kelly Oubre Jr.,WAIVER ADDED
2024,01/07/2024,06:00,NYC Chopp Cheese,Jordan Poole,DROPPED
2024,01/07/2024,06:00,Keegan It Real,Simone Fontecchio,WAIVER ADDED
2024,01/07/2024,06:00,Keegan It Real,Jonathan Kuminga,DROPPED
2024,01/05/2024,12:14,Paulie Gee's,Trayce Jackson-Davis,DROPPED
2024,01/03/2024,06:00,I Watch Basketbal,Kentavious Caldwell-Pope,WAIVER ADDED
2024,01/02/2024,19:08,I Watch Basketbal,Eric Gordon,DROPPED
2024,12/31/2023,06:00,I Watch Basketbal,Gary Trent Jr.,DROPPED
2024,12/31/2023,06:00,I Watch Basketbal,Eric Gordon,WAIVER ADDED
2024,12/30/2023,22:57,NYC Chopp Cheese,Dante Exum,DROPPED
2024,12/29/2023,06:00,The Bronx Orthodox Church,Kevin Huerter,DROPPED
2024,12/29/2023,06:00,The Bronx Orthodox Church,Malik Monk,WAIVER ADDED
2024,12/29/2023,06:00,NYC Chopp Cheese,Talen Horton-Tucker,DROPPED
2024,12/29/2023,06:00,I Watch Basketbal,Gary Trent Jr.,WAIVER ADDED
2024,12/29/2023,06:00,I Watch Basketbal,Wendell Carter Jr.,DROPPED
2024,12/29/2023,06:00,NYC Chopp Cheese,Andre Drummond,WAIVER ADDED
2024,12/27/2023,06:00,Who Invited This Kid?,Tre Jones,DROPPED
2024,12/27/2023,06:00,Who Invited This Kid?,Jaden McDaniels,WAIVER ADDED
2024,12/26/2023,21:41,NYC Chopp Cheese,Dillon Brooks,DROPPED
2024,12/25/2023,19:55,Pooh Shaisty,Kelly Oubre Jr.,DROPPED
2024,12/25/2023,06:00,NYC Chopp Cheese,Brandin Podziemski,WAIVER ADDED
2024,12/24/2023,06:00,NYC Chopp Cheese,Dillon Brooks,WAIVER ADDED
2024,12/24/2023,06:00,NYC Chopp Cheese,Caleb Martin,DROPPED
2024,12/22/2023,06:00,Who Invited This Kid?,Bilal Coulibaly,DROPPED
2024,12/22/2023,06:00,I Watch Basketbal,Draymond Green,WAIVER ADDED
2024,12/22/2023,06:00,NYC Chopp Cheese,Talen Horton-Tucker,WAIVER ADDED
2024,12/22/2023,06:00,Who Invited This Kid?,Onyeka Okongwu,WAIVER ADDED
2024,12/22/2023,06:00,NYC Chopp Cheese,Malik Monk,DROPPED
2024,12/22/2023,06:00,Paulie Gee's,Brandin Podziemski,DROPPED
2024,12/22/2023,06:00,I Watch Basketbal,Duncan Robinson,WAIVER ADDED
2024,12/22/2023,06:00,I Watch Basketbal,Goga Bitadze,DROPPED
2024,12/22/2023,06:00,Paulie Gee's,Trayce Jackson-Davis,WAIVER ADDED
2024,12/20/2023,06:00,Paulie Gee's,Zach Collins,DROPPED
2024,12/20/2023,06:00,Paulie Gee's,Jaden Ivey,WAIVER ADDED
2024,12/20/2023,06:00,Paulie Gee's,Jeremy Sochan,WAIVER ADDED
2024,12/20/2023,06:00,Paulie Gee's,Josh Hart,DROPPED
2024,12/20/2023,02:28,I Watch Basketbal,Luguentz Dort,DROPPED
2024,12/19/2023,19:36,The Bronx Orthodox Church,Kentavious Caldwell-Pope,DROPPED
2024,12/18/2023,19:59,NYC Chopp Cheese,Draymond Green,DROPPED
2024,12/18/2023,06:00,Who Invited This Kid?,Jordan Hawkins,DROPPED
2024,12/18/2023,06:00,Who Invited This Kid?,Buddy Hield,WAIVER ADDED
2024,12/18/2023,06:00,I Watch Basketbal,Grayson Allen,WAIVER ADDED
2024,12/18/2023,06:00,I Watch Basketbal,Eric Gordon,DROPPED
2024,12/18/2023,06:00,I Watch Basketbal,Luguentz Dort,WAIVER ADDED
2024,12/18/2023,06:00,I Watch Basketbal,Al Horford,DROPPED
2024,12/17/2023,06:00,I Watch Basketbal,Al Horford,WAIVER ADDED
2024,12/17/2023,06:00,Keegan It Real,Jaden Ivey,DROPPED
2024,12/17/2023,06:00,Keegan It Real,Jonathan Kuminga,WAIVER ADDED
2024,12/17/2023,06:00,I Watch Basketbal,Killian Hayes,DROPPED
2024,12/17/2023,06:00,I Watch Basketbal,Eric Gordon,WAIVER ADDED
2024,12/17/2023,06:00,Paulie Gee's,Brandin Podziemski,WAIVER ADDED
2024,12/17/2023,06:00,I Watch Basketbal,Buddy Hield,DROPPED
2024,12/15/2023,06:00,Who Invited This Kid?,Collin Sexton,WAIVER ADDED
2024,12/15/2023,06:00,Keegan It Real,Tari Eason,WAIVER ADDED
2024,12/15/2023,06:00,Keegan It Real,Patrick Williams,DROPPED
2024,12/13/2023,06:00,New Jersey Eren,Obi Toppin,DROPPED
2024,12/13/2023,06:00,New Jersey Eren,Isaiah Hartenstein,WAIVER ADDED
2024,12/13/2023,06:00,I Watch Basketbal,Goga Bitadze,WAIVER ADDED
2024,12/13/2023,06:00,NYC Chopp Cheese,Caleb Martin,WAIVER ADDED
2024,12/13/2023,06:00,Keegan It Real,Reggie Jackson,DROPPED
2024,12/13/2023,06:00,Keegan It Real,Patrick Williams,WAIVER ADDED
2024,12/13/2023,06:00,I Watch Basketbal,Bismack Biyombo,DROPPED
2024,12/13/2023,06:00,I Watch Basketbal,Harrison Barnes,DROPPED
2024,12/13/2023,06:00,NYC Chopp Cheese,Dante Exum,WAIVER ADDED
2024,12/13/2023,06:00,Pooh Shaisty,Malik Beasley,WAIVER ADDED
2024,12/13/2023,06:00,Pooh Shaisty,Kyle Anderson,DROPPED
2024,12/13/2023,06:00,I Watch Basketbal,Killian Hayes,WAIVER ADDED
2024,12/13/2023,06:00,Team Chigga,Naz Reid,WAIVER ADDED
2024,12/13/2023,06:00,Team Chigga,Kelly Olynyk,DROPPED
2024,12/13/2023,06:00,NYC Chopp Cheese,Eric Gordon,DROPPED
2024,12/11/2023,14:24,Who Invited This Kid?,Goga Bitadze,DROPPED
2024,12/11/2023,06:00,New Jersey Eren,Obi Toppin,WAIVER ADDED
2024,12/08/2023,06:00,Paulie Gee's,Josh Hart,WAIVER ADDED
2024,12/08/2023,06:00,NYC Chopp Cheese,Dario Saric,DROPPED
2024,12/08/2023,06:00,NYC Chopp Cheese,Malik Monk,WAIVER ADDED
2024,12/04/2023,06:00,Team Chigga,Dyson Daniels,DROPPED
2024,12/04/2023,06:00,Team Chigga,Kyle Lowry,WAIVER ADDED
2024,12/03/2023,06:00,The Bronx Orthodox Church,Kentavious Caldwell-Pope,WAIVER ADDED
2024,12/02/2023,11:31,New Jersey Eren,Talen Horton-Tucker,DROPPED
2024,12/01/2023,06:00,I Watch Basketbal,Herbert Jones,WAIVER ADDED
2024,12/01/2023,06:00,I Watch Basketbal,Tari Eason,DROPPED
2024,12/01/2023,05:13,Paulie Gee's,Onyeka Okongwu,DROPPED
2024,11/29/2023,22:07,NYC Chopp Cheese,Herbert Jones,DROPPED
2024,11/29/2023,06:00,Who Invited This Kid?,Malik Monk,DROPPED
2024,11/29/2023,06:00,Who Invited This Kid?,Goga Bitadze,WAIVER ADDED
2024,11/29/2023,06:00,Keegan It Real,Jalen Suggs,WAIVER ADDED
2024,11/29/2023,06:00,Keegan It Real,Jeremy Sochan,DROPPED
2024,11/29/2023,06:00,Keegan It Real,Reggie Jackson,WAIVER ADDED
2024,11/29/2023,06:00,NYC Chopp Cheese,Eric Gordon,WAIVER ADDED
2024,11/29/2023,06:00,NYC Chopp Cheese,Duncan Robinson,DROPPED
2024,11/27/2023,06:00,The Bronx Orthodox Church,Luguentz Dort,DROPPED
2024,11/27/2023,06:00,The Bronx Orthodox Church,Cole Anthony,WAIVER ADDED
2024,11/25/2023,06:46,Paulie Gee's,Killian Hayes,DROPPED
2024,11/22/2023,06:00,New Jersey Eren,De'Anthony Melton,WAIVER ADDED
2024,11/22/2023,06:00,New Jersey Eren,Xavier Tillman,DROPPED
2024,11/22/2023,06:00,Team Chigga,Santi Aldama,WAIVER ADDED
2024,11/22/2023,06:00,Team Chigga,Dorian Finney-Smith,DROPPED
2024,11/22/2023,03:11,The Bronx Orthodox Church,Rui Hachimura,DROPPED
2024,11/19/2023,06:00,NYC Chopp Cheese,Jalen Suggs,DROPPED
2024,11/19/2023,06:00,NYC Chopp Cheese,Dario Saric,WAIVER ADDED
2024,11/19/2023,06:00,Team Chigga,Dyson Daniels,WAIVER ADDED
2024,11/17/2023,06:00,Paulie Gee's,Gradey Dick,DROPPED
2024,11/17/2023,06:00,Team Chigga,Kevon Looney,DROPPED
2024,11/17/2023,06:00,Team Chigga,Daniel Gafford,WAIVER ADDED
2024,11/17/2023,06:00,Paulie Gee's,Jaime Jaquez Jr.,WAIVER ADDED
2024,11/17/2023,06:00,Who Invited This Kid?,Bilal Coulibaly,WAIVER ADDED
2024,11/17/2023,06:00,Who Invited This Kid?,Alex Caruso,DROPPED
2024,11/15/2023,06:00,The Bronx Orthodox Church,Rui Hachimura,WAIVER ADDED
2024,11/15/2023,06:00,NYC Chopp Cheese,Grant Williams,DROPPED
2024,11/15/2023,06:00,NYC Chopp Cheese,Duncan Robinson,WAIVER ADDED
2024,11/15/2023,00:41,Keegan It Real,Skylar Mays,DROPPED
2024,11/13/2023,06:00,Keegan It Real,Marcus Sasser,DROPPED
2024,11/13/2023,06:00,Keegan It Real,Skylar Mays,WAIVER ADDED
2024,11/13/2023,06:00,Team Chigga,Dillon Brooks,DROPPED
2024,11/13/2023,06:00,Team Chigga,Bogdan Bogdanovic,WAIVER ADDED
2024,11/13/2023,06:00,The Bronx Orthodox Church,Miles Bridges,WAIVER ADDED
2024,11/12/2023,06:00,Paulie Gee's,Killian Hayes,WAIVER ADDED
2024,11/12/2023,06:00,NYC Chopp Cheese,Jalen Suggs,WAIVER ADDED
2024,11/12/2023,06:00,NYC Chopp Cheese,Naz Reid,DROPPED
2024,11/12/2023,06:00,I Watch Basketbal,Bismack Biyombo,WAIVER ADDED
2024,11/10/2023,06:00,Who Invited This Kid?,Isaac Okoro,DROPPED
2024,11/10/2023,06:00,NYC Chopp Cheese,Naz Reid,WAIVER ADDED
2024,11/10/2023,06:00,NYC Chopp Cheese,Robert Williams III,DROPPED
2024,11/10/2023,06:00,New Jersey Eren,Bennedict Mathurin,WAIVER ADDED
2024,11/10/2023,06:00,Who Invited This Kid?,Jordan Hawkins,WAIVER ADDED
2024,11/08/2023,06:00,The Bronx Orthodox Church,Bennedict Mathurin,DROPPED
2024,11/08/2023,06:00,The Bronx Orthodox Church,Luguentz Dort,WAIVER ADDED
2024,11/06/2023,06:00,Keegan It Real,Marcus Sasser,WAIVER ADDED
2024,11/06/2023,06:00,Who Invited This Kid?,Malik Monk,WAIVER ADDED
2024,11/06/2023,06:00,NYC Chopp Cheese,Herbert Jones,WAIVER ADDED
2024,11/05/2023,06:00,Team Chigga,Dillon Brooks,WAIVER ADDED
2024,11/05/2023,06:00,Team Chigga,Kentavious Caldwell-Pope,DROPPED
2024,11/05/2023,06:00,Team Chigga,Dorian Finney-Smith,WAIVER ADDED
2024,11/05/2023,06:00,NYC Chopp Cheese,Jalen Suggs,DROPPED
2024,11/05/2023,06:00,NYC Chopp Cheese,Grant Williams,WAIVER ADDED
2024,11/04/2023,12:31,New Jersey Eren,De'Anthony Melton,DROPPED
2024,11/03/2023,12:34,NYC Chopp Cheese,Daniel Gafford,DROPPED
2024,11/03/2023,12:12,I Watch Basketbal,Alec Burks,DROPPED
2024,11/03/2023,06:00,Keegan It Real,Deni Avdija,WAIVER ADDED
2024,11/03/2023,06:00,Keegan It Real,Malik Monk,DROPPED
2024,11/03/2023,06:00,The Bronx Orthodox Church,Lonnie Walker IV,WAIVER ADDED
2024,11/03/2023,06:00,The Bronx Orthodox Church,Cam Whitmore,DROPPED
2024,11/03/2023,06:00,NYC Chopp Cheese,Jalen Suggs,WAIVER ADDED
2024,11/01/2023,06:00,Who Invited This Kid?,Alex Caruso,WAIVER ADDED
2024,11/01/2023,06:00,Keegan It Real,Malik Monk,WAIVER ADDED
2024,11/01/2023,06:00,I Watch Basketbal,Alec Burks,WAIVER ADDED
2024,11/01/2023,06:00,New Jersey Eren,Talen Horton-Tucker,WAIVER ADDED
2024,11/01/2023,06:00,Pooh Shaisty,Coby White,WAIVER ADDED
2024,11/01/2023,06:00,For All the bullDawgs,T.J. McConnell,DROPPED
2024,11/01/2023,06:00,For All the bullDawgs,De'Andre Hunter,WAIVER ADDED
2024,11/01/2023,06:00,Who Invited This Kid?,Isaac Okoro,WAIVER ADDED
2024,11/01/2023,06:00,Who Invited This Kid?,Jonathan Kuminga,DROPPED
2024,11/01/2023,06:00,Who Invited This Kid?,Obi Toppin,DROPPED
2024,11/01/2023,06:00,I Watch Basketbal,Cole Anthony,DROPPED
2024,10/30/2023,06:00,I Watch Basketbal,Cole Anthony,WAIVER ADDED
2024,10/29/2023,06:00,For All the bullDawgs,Christian Wood,DROPPED
2024,10/29/2023,06:00,For All the bullDawgs,Max Strus,WAIVER ADDED
2024,10/29/2023,06:00,For All the bullDawgs,Mitchell Robinson,WAIVER ADDED
2024,10/29/2023,06:00,For All the bullDawgs,Miles Bridges,DROPPED
2024,10/29/2023,06:00,Paulie Gee's,Josh Hart,DROPPED
2024,10/29/2023,06:00,Paulie Gee's,Gordon Hayward,WAIVER ADDED
2024,10/29/2023,06:00,Paulie Gee's,Zach Collins,WAIVER ADDED
2024,10/27/2023,06:00,New Jersey Eren,Gary Trent Jr.,DROPPED
2024,10/27/2023,06:00,NYC Chopp Cheese,Jalen Johnson,WAIVER ADDED
2024,10/27/2023,06:00,The Bronx Orthodox Church,Naz Reid,DROPPED
2024,10/27/2023,06:00,New Jersey Eren,Cam Thomas,WAIVER ADDED
2024,10/27/2023,06:00,The Bronx Orthodox Church,Bruce Brown,WAIVER ADDED
2024,10/27/2023,06:00,New Jersey Eren,Collin Sexton,DROPPED
2024,10/27/2023,06:00,Pooh Shaisty,Saddiq Bey,WAIVER ADDED
2024,10/27/2023,06:00,Pooh Shaisty,Jarace Walker,DROPPED
2024,10/27/2023,06:00,New Jersey Eren,Xavier Tillman,WAIVER ADDED
2024,10/25/2023,06:00,I Watch Basketbal,Harrison Barnes,WAIVER ADDED
2024,10/23/2023,06:00,Paulie Gee's,Dereck Lively II,WAIVER ADDED
2024,10/23/2023,06:00,New Jersey Eren,Gary Trent Jr.,WAIVER ADDED
2024,10/23/2023,06:00,New Jersey Eren,De'Anthony Melton,WAIVER ADDED
2024,10/23/2023,06:00,Who Invited This Kid?,Obi Toppin,WAIVER ADDED
2024,10/23/2023,06:00,Paulie Gee's,Jaden McDaniels,DROPPED
2024,10/22/2023,18:00,Keegan It Real,Jamal Murray,KEEPER
2024,10/22/2023,18:00,Pooh Shaisty,Jaren Jackson Jr.,KEEPER
2024,10/22/2023,18:00,For All the bullDawgs,James Harden,KEEPER
2024,10/22/2023,18:00,Team Chigga,Aaron Gordon,KEEPER
2024,10/22/2023,18:00,The Bronx Orthodox Church,Michael Porter Jr.,KEEPER
2024,10/22/2023,18:00,Who Invited This Kid?,Tre Jones,KEEPER
2024,10/22/2023,18:00,I Watch Basketbal,Luka Doncic,KEEPER
2024,10/22/2023,18:00,Paulie Gee's,DeMar DeRozan,KEEPER
2024,10/22/2023,18:00,Pooh Shaisty,Shai Gilgeous-Alexander,KEEPER
2024,10/22/2023,18:00,New Jersey Eren,Zach LaVine,KEEPER
2024,10/22/2023,18:00,NYC Chopp Cheese,Cade Cunningham,KEEPER
2024,10/22/2023,18:00,For All the bullDawgs,John Collins,KEEPER
2024,10/22/2023,18:00,New Jersey Eren,Darius Garland,KEEPER
2024,10/22/2023,18:00,Team Chigga,Paul George,KEEPER
2024,10/22/2023,18:00,The Bronx Orthodox Church,Brook Lopez,KEEPER
2024,10/22/2023,18:00,Who Invited This Kid?,Pascal Siakam,KEEPER
2024,10/22/2023,18:00,I Watch Basketbal,Buddy Hield,KEEPER
2024,10/22/2023,18:00,NYC Chopp Cheese,Jordan Poole,KEEPER
2024,10/22/2023,18:00,The Bronx Orthodox Church,Anfernee Simons,KEEPER
2024,10/22/2023,18:00,Keegan It Real,Mikal Bridges,KEEPER
2024,10/22/2023,18:00,For All the bullDawgs,Bobby Portis,KEEPER
2024,10/22/2023,18:00,Keegan It Real,Chet Holmgren,KEEPER
2024,10/22/2023,18:00,Paulie Gee's,Tyrese Maxey,KEEPER
2024,10/22/2023,18:00,I Watch Basketbal,Wendell Carter Jr.,KEEPER
2024,10/22/2023,18:00,Who Invited This Kid?,Anthony Edwards,KEEPER
2024,10/22/2023,18:00,The Bronx Orthodox Church,Kevin Huerter,KEEPER
2024,10/22/2023,18:00,Team Chigga,Jusuf Nurkic,KEEPER
2024,10/22/2023,18:00,Pooh Shaisty,Keldon Johnson,KEEPER
2024,10/22/2023,18:00,Keegan It Real,Karl-Anthony Towns,KEEPER
2024,10/22/2023,18:00,Paulie Gee's,Julius Randle,KEEPER
2024,10/22/2023,18:00,New Jersey Eren,Joel Embiid,KEEPER
2024,10/22/2023,18:00,NYC Chopp Cheese,Austin Reaves,KEEPER
2024,10/22/2023,18:00,For All the bullDawgs,Kyrie Irving,KEEPER
2024,10/22/2023,18:00,Pooh Shaisty,Tobias Harris,KEEPER
2024,10/22/2023,18:00,Team Chigga,Kentavious Caldwell-Pope,KEEPER
2024,10/22/2023,18:00,Who Invited This Kid?,Tyus Jones,KEEPER
2024,10/22/2023,18:00,I Watch Basketbal,Jarrett Allen,KEEPER
2024,10/22/2023,18:00,Paulie Gee's,Josh Hart,KEEPER
2024,10/22/2023,18:00,Keegan It Real,Keegan Murray,KEEPER
2024,10/22/2023,18:00,New Jersey Eren,Jerami Grant,KEEPER
2024,10/22/2023,18:00,Paulie Gee's,Kawhi Leonard,KEEPER
2024,10/22/2023,18:00,NYC Chopp Cheese,Dejounte Murray,KEEPER
2024,10/22/2023,18:00,For All the bullDawgs,Jakob Poeltl,KEEPER
2024,10/22/2023,18:00,Pooh Shaisty,Trae Young,KEEPER
2024,10/22/2023,18:00,Team Chigga,OG Anunoby,KEEPER
2024,10/22/2023,18:00,The Bronx Orthodox Church,Bennedict Mathurin,KEEPER
2024,10/22/2023,18:00,Who Invited This Kid?,Domantas Sabonis,KEEPER
2024,10/22/2023,18:00,I Watch Basketbal,Ben Simmons,KEEPER
2024,10/22/2023,18:00,New Jersey Eren,Alperen Sengun,KEEPER
2024,10/22/2023,18:00,NYC Chopp Cheese,Walker Kessler,KEEPER
2024,10/22/2023,18:00,New Jersey Eren,Bojan Bogdanovic,KEEPER
2024,10/22/2023,18:00,NYC Chopp Cheese,CJ McCollum,KEEPER
2024,10/22/2023,18:00,For All the bullDawgs,Miles Bridges,KEEPER
2024,10/22/2023,18:00,Pooh Shaisty,Deandre Ayton,KEEPER
2024,10/22/2023,18:00,Team Chigga,Tyrese Haliburton,KEEPER
2024,10/22/2023,18:00,The Bronx Orthodox Church,Kyle Kuzma,KEEPER
2024,10/22/2023,18:00,Who Invited This Kid?,LaMelo Ball,KEEPER
2024,10/22/2023,18:00,New Jersey Eren,Collin Sexton,KEEPER
2024,10/22/2023,18:00,Keegan It Real,Jaden Ivey,KEEPER
2024,10/22/2023,18:00,Paulie Gee's,Onyeka Okongwu,KEEPER
2024,10/22/2023,18:00,I Watch Basketbal,Khris Middleton,KEEPER
2024,10/22/2023,18:00,For All the bullDawgs,Bradley Beal,KEEPER
2024,10/22/2023,18:00,Pooh Shaisty,Nic Claxton,KEEPER
2024,10/22/2023,18:00,Team Chigga,Mike Conley,KEEPER
2024,10/22/2023,18:00,The Bronx Orthodox Church,Anthony Davis,KEEPER
2024,10/22/2023,18:00,Who Invited This Kid?,Andrew Wiggins,KEEPER
2024,10/22/2023,18:00,I Watch Basketbal,Brandon Ingram,KEEPER
2024,10/22/2023,18:00,Paulie Gee's,Jalen Duren,KEEPER
2024,10/22/2023,18:00,Keegan It Real,Josh Giddey,KEEPER
2024,10/22/2023,18:00,New Jersey Eren,Fred VanVleet,KEEPER
2024,10/22/2023,18:00,NYC Chopp Cheese,Donovan Mitchell,KEEPER
2024,10/22/2023,18:00,For All the bullDawgs,Myles Turner,KEEPER
2024,10/22/2023,18:00,Pooh Shaisty,Kevin Durant,KEEPER
2024,10/22/2023,18:00,Team Chigga,Kelly Olynyk,KEEPER
2024,10/22/2023,18:00,The Bronx Orthodox Church,D'Angelo Russell,KEEPER
2024,10/22/2023,18:00,Who Invited This Kid?,Franz Wagner,KEEPER
2024,10/22/2023,18:00,NYC Chopp Cheese,Spencer Dinwiddie,KEEPER
2024,10/22/2023,18:00,Paulie Gee's,Scoot Henderson,DRAFTED
2024,10/22/2023,18:00,Keegan It Real,De'Aaron Fox,KEEPER
2024,10/22/2023,18:00,Team Chigga,Marcus Smart,DRAFTED
2024,10/22/2023,18:00,For All the bullDawgs,T.J. McConnell,DRAFTED
2024,10/22/2023,18:00,Keegan It Real,Mark Williams,DRAFTED
2024,10/22/2023,18:00,New Jersey Eren,Shaedon Sharpe,DRAFTED
2024,10/22/2023,18:00,NYC Chopp Cheese,Daniel Gafford,DRAFTED
2024,10/22/2023,18:00,For All the bullDawgs,Christian Wood,DRAFTED
2024,10/22/2023,18:00,Pooh Shaisty,Jonas Valanciunas,DRAFTED
2024,10/22/2023,18:00,The Bronx Orthodox Church,Cam Whitmore,DRAFTED
2024,10/22/2023,18:00,Who Invited This Kid?,Keyonte George,DRAFTED
2024,10/22/2023,18:00,Who Invited This Kid?,Amen Thompson,DRAFTED
2024,10/22/2023,18:00,I Watch Basketbal,Brandon Miller,DRAFTED
2024,10/22/2023,18:00,Paulie Gee's,Ja Morant,KEEPER
2024,10/22/2023,18:00,Keegan It Real,Victor Wembanyama,DRAFTED
2024,10/22/2023,18:00,Paulie Gee's,Devin Booker,KEEPER
2024,10/22/2023,18:00,NYC Chopp Cheese,Jalen Williams,KEEPER
2024,10/22/2023,18:00,I Watch Basketbal,Ausar Thompson,DRAFTED
2024,10/22/2023,18:00,The Bronx Orthodox Church,Malcolm Brogdon,DRAFTED
2024,10/22/2023,18:00,Pooh Shaisty,Kyle Anderson,KEEPER
2024,10/22/2023,18:00,Who Invited This Kid?,Jonathan Kuminga,DRAFTED
2024,10/22/2023,18:00,Keegan It Real,Nikola Jokic,KEEPER
2024,10/22/2023,18:00,NYC Chopp Cheese,Robert Williams III,DRAFTED
2024,10/22/2023,18:00,Paulie Gee's,Jaden McDaniels,DRAFTED
2024,10/22/2023,18:00,Pooh Shaisty,Jarace Walker,DRAFTED
2024,10/22/2023,18:00,Team Chigga,Royce O'Neale,DRAFTED
2024,10/22/2023,18:00,The Bronx Orthodox Church,Naz Reid,DRAFTED
2024,10/22/2023,18:00,I Watch Basketbal,Tari Eason,DRAFTED
2024,10/22/2023,18:00,Team Chigga,Markelle Fultz,DRAFTED
2024,10/22/2023,18:00,For All the bullDawgs,Caris LeVert,DRAFTED
2024,10/22/2023,18:00,Keegan It Real,Jeremy Sochan,DRAFTED
2024,10/22/2023,18:00,New Jersey Eren,Dennis Schroder,DRAFTED
2024,10/22/2023,18:00,NYC Chopp Cheese,Draymond Green,DRAFTED
2024,10/22/2023,18:00,Paulie Gee's,Gradey Dick,DRAFTED
2024,10/22/2023,18:00,Pooh Shaisty,Kelly Oubre Jr.,DRAFTED
2024,10/22/2023,18:00,For All the bullDawgs,Clint Capela,KEEPER
2024,10/22/2023,18:00,New Jersey Eren,Giannis Antetokounmpo,KEEPER
2024,10/22/2023,18:00,Team Chigga,Kevon Looney,KEEPER
2024,10/22/2023,18:00,New Jersey Eren,Jalen Brunson,KEEPER
2024,10/22/2023,18:00,Team Chigga,Nikola Vucevic,KEEPER
2024,10/22/2023,18:00,The Bronx Orthodox Church,Lauri Markkanen,KEEPER
2024,10/22/2023,18:00,Who Invited This Kid?,Trey Murphy III,KEEPER
2024,10/22/2023,18:00,I Watch Basketbal,Jabari Smith Jr.,KEEPER
2024,10/22/2023,18:00,Paulie Gee's,Zion Williamson,KEEPER
2024,10/22/2023,18:00,Keegan It Real,Evan Mobley,KEEPER
2024,10/22/2023,18:00,NYC Chopp Cheese,Bam Adebayo,KEEPER
2024,10/22/2023,18:00,For All the bullDawgs,Jimmy Butler,KEEPER
2024,10/22/2023,18:00,For All the bullDawgs,Damian Lillard,KEEPER
2024,10/22/2023,18:00,Pooh Shaisty,Chris Paul,KEEPER
2024,10/22/2023,18:00,Team Chigga,Jayson Tatum,KEEPER
2024,10/22/2023,18:00,The Bronx Orthodox Church,Jrue Holiday,KEEPER
2024,10/22/2023,18:00,Who Invited This Kid?,RJ Barrett,KEEPER
2024,10/22/2023,18:00,I Watch Basketbal,Stephen Curry,KEEPER
2024,10/22/2023,18:00,Pooh Shaisty,Klay Thompson,KEEPER
2024,10/22/2023,18:00,The Bronx Orthodox Church,Russell Westbrook,KEEPER
2024,10/22/2023,18:00,NYC Chopp Cheese,Jaylen Brown,KEEPER
2024,10/22/2023,18:00,For All the bullDawgs,Tyler Herro,KEEPER
2024,10/22/2023,18:00,Who Invited This Kid?,Immanuel Quickley,KEEPER
2024,10/22/2023,18:00,I Watch Basketbal,Terry Rozier,KEEPER
2024,10/22/2023,18:00,Paulie Gee's,P.J. Washington,KEEPER
2024,10/22/2023,18:00,New Jersey Eren,Desmond Bane,KEEPER
2024,10/22/2023,18:00,New Jersey Eren,Rudy Gobert,KEEPER
2024,10/22/2023,18:00,NYC Chopp Cheese,Cameron Johnson,KEEPER
2024,10/22/2023,18:00,Keegan It Real,Scottie Barnes,KEEPER
2024,10/22/2023,18:00,Pooh Shaisty,Jordan Clarkson,KEEPER
2024,10/22/2023,18:00,Team Chigga,Derrick White,KEEPER
2024,10/22/2023,18:00,The Bronx Orthodox Church,Kristaps Porzingis,KEEPER
2024,10/22/2023,18:00,Who Invited This Kid?,Paolo Banchero,KEEPER
2024,10/22/2023,18:00,I Watch Basketbal,LeBron James,KEEPER
2024,10/22/2023,18:00,Paulie Gee's,Jalen Green,KEEPER
2024,10/22/2023,18:00,Keegan It Real,Devin Vassell,KEEPER
2024,10/22/2023,18:00,I Watch Basketbal,Ivica Zubac,KEEPER
2024,10/08/2023,22:46,The Bronx Orthodox Church,Victor Wembanyama,DROPPED
2024,10/08/2023,22:46,The Bronx Orthodox Church,Caris LeVert,FA ADDED
2024,10/08/2023,06:00,The Bronx Orthodox Church,Caris LeVert,DROPPED
2024,10/08/2023,06:00,The Bronx Orthodox Church,Victor Wembanyama,WAIVER ADDED
2024,10/03/2023,18:10,Keegan It Real,KJ Martin,DROPPED
2024,07/24/2023,15:29,NYC Chopp Cheese,Mitchell Robinson,DROPPED
2024,06/14/2023,16:10,Pooh Shaisty,Herbert Jones,DROPPED
2024,06/14/2023,16:09,Who Invited This Kid?,Talen Horton-Tucker,DROPPED
2023,06/10/2023,12:36,The Bronx Orthodox Church,DeMar DeRozan,TRADED
2023,06/10/2023,12:36,Paulie Gee's,Lauri Markkanen,TRADED
2023,05/26/2023,17:09,Paulie Gee's,Clint Capela,TRADED
2023,05/26/2023,17:09,Paulie Gee's,Kyrie Irving,TRADED
2023,05/26/2023,17:09,NY L-Eat Gang,Kawhi Leonard,TRADED
2023,03/28/2023,12:42,The Bronx Orthodox Church,Donovan Mitchell,TRADED
2023,03/28/2023,12:42,The Bronx Orthodox Church,Jordan Poole,TRADED
2023,03/28/2023,12:42,Fordham Rams,DeMar DeRozan,TRADED
2023,03/19/2023,21:36,NY L-Eat Gang,Jalen Brunson,TRADED
2023,03/19/2023,21:36,New Jersey Eren,Bradley Beal,TRADED
2023,03/19/2023,21:36,New Jersey Eren,Miles Bridges,TRADED
2023,03/09/2023,21:32,Paulie Gee's,Bobby Portis,TRADED
2023,03/09/2023,21:32,NY L-Eat Gang,Josh Hart,TRADED
2023,03/09/2023,21:32,Paulie Gee's,Lonzo Ball,TRADED
2023,02/14/2023,15:46,New Jersey Eren,RJ Barrett,TRADED
2023,02/14/2023,15:46,Who Invited This Kid?,De'Anthony Melton,TRADED
2023,02/14/2023,15:46,Who Invited This Kid?,Zach LaVine,TRADED
2023,02/14/2023,15:46,New Jersey Eren,Andrew Wiggins,TRADED
2023,02/02/2023,14:30,Keegan It Real,Anfernee Simons,TRADED
2023,02/02/2023,14:30,The Bronx Orthodox Church,Mikal Bridges,TRADED
2023,02/02/2023,14:30,The Bronx Orthodox Church,Nikola Jokic,TRADED
2023,02/02/2023,14:30,Keegan It Real,Jrue Holiday,TRADED
2023,02/02/2023,14:30,Keegan It Real,Kristaps Porzingis,TRADED
2023,02/02/2023,14:30,Keegan It Real,Bennedict Mathurin,TRADED
2023,01/27/2023,22:23,Pooh Shaisty,Rudy Gobert,TRADED
2023,01/27/2023,22:23,New Jersey Eren,Chris Paul,TRADED
2023,01/27/2023,22:23,New Jersey Eren,Keldon Johnson,TRADED
2023,01/20/2023,00:55,Fordham Rams,Kyrie Irving,TRADED
2023,01/20/2023,00:55,Paulie Gee's,Dejounte Murray,TRADED
2023,01/10/2023,01:00,Keegan It Real,Ben Simmons,TRADED
2023,01/10/2023,01:00,Keegan It Real,Wendell Carter Jr.,TRADED
2023,01/10/2023,01:00,I Watch Basketbal,Scottie Barnes,TRADED
2023,12/13/2022,20:34,The Bronx Orthodox Church,Tim Hardaway Jr.,TRADED
2023,12/13/2022,20:34,Fordham Rams,Kevin Huerter,TRADED
2023,11/29/2022,14:36,Who Invited This Kid?,LeBron James,TRADED
2023,11/29/2022,14:36,I Watch Basketbal,Zach LaVine,TRADED
2023,11/29/2022,14:36,I Watch Basketbal,Franz Wagner,TRADED
2023,11/29/2022,14:36,Who Invited This Kid?,Buddy Hield,TRADED
2023,11/29/2022,14:32,New Jersey Eren,Collin Sexton,TRADED
2023,11/29/2022,14:32,NY L-Eat Gang,Keldon Johnson,TRADED
2023,11/29/2022,14:32,NY L-Eat Gang,Jonas Valanciunas,TRADED
2023,11/11/2022,15:01,Paulie Gee's,John Collins,TRADED
2023,11/11/2022,15:01,NY L-Eat Gang,Bobby Portis,TRADED
2023,11/09/2022,23:13,New Jersey Eren,Ayo Dosunmu,TRADED
2023,11/09/2022,23:13,I Watch Basketbal,RJ Barrett,TRADED
2023,11/04/2022,11:23,New Jersey Eren,Jalen Suggs,TRADED
2023,11/04/2022,11:23,The Bronx Orthodox Church,Collin Sexton,TRADED
2023,11/03/2022,23:44,Paulie Gee's,Mike Conley,TRADED
2023,11/03/2022,23:44,Team Chigga,Julius Randle,TRADED
2023,11/03/2022,17:09,Paulie Gee's,Kyrie Irving,TRADED
2023,11/03/2022,17:09,Fordham Rams,Devin Booker,TRADED
2023,11/03/2022,17:03,Paulie Gee's,Domantas Sabonis,TRADED
2023,11/03/2022,17:03,Who Invited This Kid?,Lauri Markkanen,TRADED
2023,11/03/2022,17:03,Who Invited This Kid?,Kyrie Irving,TRADED
2023,11/03/2022,17:03,Who Invited This Kid?,Luguentz Dort,TRADED
2023,11/03/2022,17:03,Paulie Gee's,Anthony Edwards,TRADED
2023,11/03/2022,15:08,New Jersey Eren,Michael Porter Jr.,TRADED
2023,11/03/2022,15:08,New Jersey Eren,Saddiq Bey,TRADED
2023,11/03/2022,15:08,New Jersey Eren,Anthony Davis,TRADED
2023,11/03/2022,15:08,New Jersey Eren,Russell Westbrook,TRADED
2023,11/03/2022,15:08,The Bronx Orthodox Church,Joel Embiid,TRADED
2023,11/03/2022,15:08,The Bronx Orthodox Church,Kevin Porter Jr.,TRADED
2023,11/03/2022,15:08,The Bronx Orthodox Church,Jalen McDaniels,TRADED
2023,11/03/2022,15:08,The Bronx Orthodox Church,Jerami Grant,TRADED
2023,11/02/2022,12:42,Paulie Gee's,Tre Jones,TRADED
2023,11/02/2022,12:42,Paulie Gee's,Spencer Dinwiddie,TRADED
2023,11/02/2022,12:42,Fordham Rams,Jalen Green,TRADED
2023,10/20/2022,21:31,Paulie Gee's,Jordan Poole,TRADED
2023,10/20/2022,21:31,Paulie Gee's,Mikal Bridges,TRADED
2023,10/20/2022,21:31,The Bronx Orthodox Church,Dejounte Murray,TRADED
2023,10/16/2022,21:30,NY L-Eat Gang,Kawhi Leonard,DRAFTED
2023,10/16/2022,21:30,Team Chigga,Nikola Vucevic,DRAFTED
2023,10/16/2022,21:30,Fordham Rams,DeMar DeRozan,DRAFTED
2023,10/16/2022,21:30,New Jersey Eren,Fred VanVleet,DRAFTED
2023,10/16/2022,21:30,Who Invited This Kid?,Pascal Siakam,DRAFTED
2023,10/16/2022,21:30,I Watch Basketbal,Zach LaVine,DRAFTED
2023,10/16/2022,21:30,NY L-Eat Gang,Jalen Brunson,DRAFTED
2023,10/16/2022,21:30,Team Chigga,Paul George,DRAFTED
2023,10/16/2022,21:30,Fordham Rams,Bam Adebayo,DRAFTED
2023,10/16/2022,21:30,New Jersey Eren,Anthony Davis,DRAFTED
2023,10/16/2022,21:30,I Watch Basketbal,Stephen Curry,DRAFTED
2023,10/16/2022,21:30,Keegan It Real,Keegan Murray,DRAFTED
2023,10/16/2022,21:30,Fordham Rams,Russell Westbrook,DRAFTED
2023,10/16/2022,21:30,Pooh Shaisty,Jaren Jackson Jr.,DRAFTED
2023,10/16/2022,21:30,Team Chigga,Julius Randle,DRAFTED
2023,10/16/2022,21:30,I Watch Basketbal,Scottie Barnes,DRAFTED
2023,10/16/2022,21:30,Pooh Shaisty,Rudy Gobert,DRAFTED
2023,10/16/2022,21:30,The Bronx Orthodox Church,Dejounte Murray,DRAFTED
2023,10/16/2022,21:30,NY L-Eat Gang,Jimmy Butler,DRAFTED
2023,10/16/2022,21:30,Who Invited This Kid?,LeBron James,DRAFTED
2023,10/16/2022,21:30,Pooh Shaisty,Kevin Durant,DRAFTED
2023,10/16/2022,21:30,Fordham Rams,Cade Cunningham,DRAFTED
2023,10/16/2022,21:30,Fordham Rams,Devin Booker,DRAFTED
2023,10/16/2022,21:30,New Jersey Eren,Giannis Antetokounmpo,DRAFTED
2023,10/16/2022,21:30,Fordham Rams,Jaylen Brown,DRAFTED
2023,10/16/2022,21:30,Team Chigga,Will Barton,DRAFTED
2023,10/16/2022,21:30,I Watch Basketbal,Luka Doncic,DRAFTED
2023,10/16/2022,21:30,Paulie Gee's,Ja Morant,DRAFTED
2023,10/16/2022,21:30,Who Invited This Kid?,LaMelo Ball,DRAFTED
2023,10/16/2022,21:30,Team Chigga,Tyrese Haliburton,DRAFTED
2023,10/16/2022,21:30,The Bronx Orthodox Church,Joel Embiid,DRAFTED
2023,10/16/2022,21:30,Pooh Shaisty,Trae Young,DRAFTED
2023,10/16/2022,21:30,NY L-Eat Gang,James Harden,DRAFTED
2023,10/16/2022,21:30,Paulie Gee's,Domantas Sabonis,DRAFTED
2023,10/16/2022,21:30,Keegan It Real,Karl-Anthony Towns,DRAFTED
2023,10/16/2022,21:30,Pooh Shaisty,Shai Gilgeous-Alexander,DRAFTED
2023,10/16/2022,21:30,Team Chigga,Jayson Tatum,DRAFTED
2023,10/16/2022,21:30,The Bronx Orthodox Church,Donovan Mitchell,DRAFTED
2023,10/16/2022,21:30,NY L-Eat Gang,Damian Lillard,DRAFTED
2023,10/16/2022,21:30,Paulie Gee's,Anthony Edwards,DRAFTED
2023,10/16/2022,21:30,Who Invited This Kid?,Kyrie Irving,DRAFTED
2023,10/16/2022,21:30,Who Invited This Kid?,Paolo Banchero,DRAFTED
2023,10/16/2022,21:30,New Jersey Eren,Lonzo Ball,DRAFTED
2023,10/16/2022,21:30,Who Invited This Kid?,Malik Beasley,DRAFTED
2023,10/16/2022,21:30,NY L-Eat Gang,Harrison Barnes,DRAFTED
2023,10/16/2022,21:30,I Watch Basketbal,Ivica Zubac,DRAFTED
2023,10/16/2022,21:30,I Watch Basketbal,Jabari Smith Jr.,DRAFTED
2023,10/16/2022,21:30,Pooh Shaisty,Jordan Clarkson,DRAFTED
2023,10/16/2022,21:30,NY L-Eat Gang,Kelly Oubre Jr.,DRAFTED
2023,10/16/2022,21:30,Team Chigga,Monte Morris,DRAFTED
2023,10/16/2022,21:30,The Bronx Orthodox Church,Jerami Grant,DRAFTED
2023,10/16/2022,21:30,Who Invited This Kid?,Chris Boucher,DRAFTED
2023,10/16/2022,21:30,NY L-Eat Gang,Gary Trent Jr.,DRAFTED
2023,10/16/2022,21:30,I Watch Basketbal,John Wall,DRAFTED
2023,10/16/2022,21:30,Paulie Gee's,Mike Conley,DRAFTED
2023,10/16/2022,21:30,The Bronx Orthodox Church,Miles Bridges,DRAFTED
2023,10/16/2022,21:30,Pooh Shaisty,Gordon Hayward,DRAFTED
2023,10/16/2022,21:30,Paulie Gee's,Mitchell Robinson,DRAFTED
2023,10/16/2022,21:30,Team Chigga,O.G. Anunoby,DRAFTED
2023,10/16/2022,21:30,The Bronx Orthodox Church,Dillon Brooks,DRAFTED
2023,10/16/2022,21:30,Pooh Shaisty,Tobias Harris,DRAFTED
2023,10/16/2022,21:30,NY L-Eat Gang,Josh Hart,DRAFTED
2023,10/16/2022,21:30,Keegan It Real,Chet Holmgren,DRAFTED
2023,10/16/2022,21:30,New Jersey Eren,P.J. Washington,DRAFTED
2023,10/16/2022,21:30,Paulie Gee's,Clint Capela,DRAFTED
2023,10/16/2022,21:30,Paulie Gee's,Tre Jones,DRAFTED
2023,10/16/2022,21:30,Fordham Rams,Malcolm Brogdon,DRAFTED
2023,10/16/2022,21:30,The Bronx Orthodox Church,Marcus Smart,DRAFTED
2023,10/16/2022,21:30,Team Chigga,Montrezl Harrell,DRAFTED
2023,10/16/2022,21:30,Fordham Rams,Kevin Huerter,DRAFTED
2023,10/16/2022,21:30,Pooh Shaisty,Kyle Lowry,DRAFTED
2023,10/16/2022,21:30,Who Invited This Kid?,Dorian Finney-Smith,DRAFTED
2023,10/16/2022,21:30,Team Chigga,Onyeka Okongwu,DRAFTED
2023,10/16/2022,21:30,Who Invited This Kid?,Al Horford,DRAFTED
2023,10/16/2022,21:30,Team Chigga,T.J. McConnell,DRAFTED
2023,10/16/2022,21:30,Who Invited This Kid?,Luguentz Dort,DRAFTED
2023,10/16/2022,21:30,Pooh Shaisty,Ziaire Williams,DRAFTED
2023,10/16/2022,21:30,Team Chigga,Aaron Gordon,DRAFTED
2023,10/16/2022,21:30,The Bronx Orthodox Church,Kendrick Nunn,DRAFTED
2023,10/16/2022,21:30,Who Invited This Kid?,Bones Hyland,DRAFTED
2023,10/16/2022,21:30,I Watch Basketbal,James Wiseman,DRAFTED
2023,10/16/2022,21:30,Pooh Shaisty,Nic Claxton,DRAFTED
2023,10/16/2022,21:30,Fordham Rams,Steven Adams,DRAFTED
2023,10/16/2022,21:30,Team Chigga,Bogdan Bogdanovic,DRAFTED
2023,10/16/2022,21:30,The Bronx Orthodox Church,Derrick White,DRAFTED
2023,10/16/2022,21:30,Who Invited This Kid?,Jonathan Isaac,DRAFTED
2023,10/16/2022,21:30,I Watch Basketbal,Shaedon Sharpe,DRAFTED
2023,10/16/2022,21:30,Pooh Shaisty,Aleksej Pokusevski,DRAFTED
2023,10/16/2022,21:30,Fordham Rams,Herbert Jones,DRAFTED
2023,10/16/2022,21:30,Team Chigga,Dennis Schroder,DRAFTED
2023,10/16/2022,21:30,The Bronx Orthodox Church,Davion Mitchell,DRAFTED
2023,10/16/2022,21:30,Who Invited This Kid?,Andre Drummond,DRAFTED
2023,10/16/2022,21:30,I Watch Basketbal,Tari Eason,DRAFTED
2023,10/16/2022,21:30,New Jersey Eren,Cole Anthony,DRAFTED
2023,10/16/2022,21:30,Fordham Rams,Jalen Suggs,DRAFTED
2023,10/16/2022,21:30,NY L-Eat Gang,Bobby Portis,DRAFTED
2023,10/16/2022,21:30,Keegan It Real,Josh Giddey,DRAFTED
2023,10/16/2022,21:30,New Jersey Eren,Desmond Bane,DRAFTED
2023,10/16/2022,21:30,Paulie Gee's,Jordan Poole,DRAFTED
2023,10/16/2022,21:30,New Jersey Eren,Jonas Valanciunas,DRAFTED
2023,10/16/2022,21:30,Keegan It Real,Anfernee Simons,DRAFTED
2023,10/16/2022,21:30,Keegan It Real,Ben Simmons,DRAFTED
2023,10/16/2022,21:30,Who Invited This Kid?,Lauri Markkanen,DRAFTED
2023,10/16/2022,21:30,The Bronx Orthodox Church,D'Angelo Russell,DRAFTED
2023,10/16/2022,21:30,New Jersey Eren,Bradley Beal,DRAFTED
2023,10/16/2022,21:30,Pooh Shaisty,Mo Bamba,DRAFTED
2023,10/16/2022,21:30,Fordham Rams,Terry Rozier,DRAFTED
2023,10/16/2022,21:30,New Jersey Eren,Alperen Sengun,DRAFTED
2023,10/16/2022,21:30,Who Invited This Kid?,Buddy Hield,DRAFTED
2023,10/16/2022,21:30,Fordham Rams,Jalen Green,DRAFTED
2023,10/16/2022,21:30,Keegan It Real,Robert Williams III,DRAFTED
2023,10/16/2022,21:30,New Jersey Eren,Chris Paul,DRAFTED
2023,10/16/2022,21:30,I Watch Basketbal,RJ Barrett,DRAFTED
2023,10/16/2022,21:30,Pooh Shaisty,Deandre Ayton,DRAFTED
2023,10/16/2022,21:30,NY L-Eat Gang,Jakob Poeltl,DRAFTED
2023,10/16/2022,21:30,Keegan It Real,De'Aaron Fox,DRAFTED
2023,10/16/2022,21:30,Keegan It Real,Evan Mobley,DRAFTED
2023,10/16/2022,21:30,Keegan It Real,Jrue Holiday,DRAFTED
2023,10/16/2022,21:30,Paulie Gee's,Zion Williamson,DRAFTED
2023,10/16/2022,21:30,I Watch Basketbal,Brandon Ingram,DRAFTED
2023,10/16/2022,21:30,Fordham Rams,CJ McCollum,DRAFTED
2023,10/16/2022,21:30,New Jersey Eren,Darius Garland,DRAFTED
2023,10/16/2022,21:30,Keegan It Real,Jamal Murray,DRAFTED
2023,10/16/2022,21:30,New Jersey Eren,Andrew Wiggins,DRAFTED
2023,10/16/2022,21:30,I Watch Basketbal,Franz Wagner,DRAFTED
2023,10/16/2022,21:30,Keegan It Real,Kristaps Porzingis,DRAFTED
2023,10/16/2022,21:30,NY L-Eat Gang,Keldon Johnson,DRAFTED
2023,10/16/2022,21:30,Team Chigga,Jusuf Nurkic,DRAFTED
2023,10/16/2022,21:30,Paulie Gee's,John Collins,DRAFTED
2023,10/16/2022,21:30,Pooh Shaisty,Klay Thompson,DRAFTED
2023,10/16/2022,21:30,Paulie Gee's,Jalen Smith,DRAFTED
2023,10/16/2022,21:30,NY L-Eat Gang,Tyler Herro,DRAFTED
2023,10/16/2022,21:30,Keegan It Real,Devin Vassell,DRAFTED
2023,10/16/2022,21:30,Paulie Gee's,Mikal Bridges,DRAFTED
2023,10/16/2022,21:30,The Bronx Orthodox Church,Kyle Kuzma,DRAFTED
2023,10/16/2022,21:30,NY L-Eat Gang,Christian Wood,DRAFTED
2023,10/16/2022,21:30,I Watch Basketbal,Khris Middleton,DRAFTED
2023,10/16/2022,21:30,Paulie Gee's,Tyrese Maxey,DRAFTED
2023,10/16/2022,21:30,Paulie Gee's,Spencer Dinwiddie,DRAFTED
2023,10/16/2022,21:30,Paulie Gee's,Brandon Clarke,DRAFTED
2023,10/16/2022,21:30,Keegan It Real,Jaden Ivey,DRAFTED
2023,10/16/2022,21:30,New Jersey Eren,Saddiq Bey,DRAFTED
2023,10/16/2022,21:30,The Bronx Orthodox Church,Collin Sexton,DRAFTED
2023,10/16/2022,21:30,Fordham Rams,Draymond Green,DRAFTED
2023,10/16/2022,21:30,The Bronx Orthodox Church,Kevin Porter Jr.,DRAFTED
2023,10/16/2022,21:30,Keegan It Real,Wendell Carter Jr.,DRAFTED
2023,10/16/2022,21:30,I Watch Basketbal,Jarrett Allen,DRAFTED
2023,10/16/2022,21:30,NY L-Eat Gang,Myles Turner,DRAFTED
2023,10/16/2022,21:30,New Jersey Eren,Michael Porter Jr.,DRAFTED
2023,10/16/2022,21:30,The Bronx Orthodox Church,Nikola Jokic,DRAFTED
